Time,Scenario,AccelX,AccelY,AccelZ,GyroX,GyroY,GyroZ,Roll,Pitch,Yaw,RollDeg,PitchDeg,YawDeg
0.0000,0,0.0000,0.0000,9.8100,0.0000,0.0000,0.0000,0.0000,0.0000,0.0000,0.0000,0.0000,0.0000
0.0100,0,0.0000,0.0000,9.8100,0.0000,0.0000,0.0000,0.0000,0.0000,0.0000,0.0000,0.0000,0.0000
0.0200,0,0.0000,0.0000,9.8100,0.0000,0.0000,0.0000,0.0000,0.0000,0.0000,0.0000,0.0000,0.0000
0.0300,0,0.0000,0.0000,9.8100,0.0000,0.0000,0.0000,0.0000,0.0000,0.0000,0.0000,0.0000,0.0000
0.0400,0,0.0000,0.0000,9.8100,0.0000,0.0000,0.0000,0.0000,0.0000,0.0000,0.0000,0.0000,0.0000
0.0500,0,0.0000,0.0000,9.8100,0.0000,0.0000,0.0000,0.0000,0.0000,0.0000,0.0000,0.0000,0.0000
0.0600,0,0.0000,0.0000,9.8100,0.0000,0.0000,0.0000,0.0000,0.0000,0.0000,0.0000,0.0000,0.0000
0.0700,0,0.0000,0.0000,9.8100,0.0000,0.0000,0.0000,0.0000,0.0000,0.0000,0.0000,0.0000,0.0000
0.0800,0,0.0000,0.0000,9.8100,0.0000,0.0000,0.0000,0.0000,0.0000,0.0000,0.0000,0.0000,0.0000
0.0900,0,0.0000,0.0000,9.8100,0.0000,0.0000,0.0000,0.0000,0.0000,0.0000,0.0000,0.0000,0.0000
0.1000,0,0.0000,0.0000,9.8100,0.0000,0.0000,0.0000,0.0000,0.0000,0.0000,0.0000,0.0000,0.0000
0.1100,0,0.0000,0.0000,9.8100,0.0000,0.0000,0.0000,0.0000,0.0000,0.0000,0.0000,0.0000,0.0000
0.1200,0,0.0000,0.0000,9.8100,0.0000,0.0000,0.0000,0.0000,0.0000,0.0000,0.0000,0.0000,0.0000
0.1300,0,0.0000,0.0000,9.8100,0.0000,0.0000,0.0000,0.0000,0.0000,0.0000,0.0000,0.0000,0.0000
0.1400,0,0.0000,0.0000,9.8100,0.0000,0.0000,0.0000,0.0000,0.0000,0.0000,0.0000,0.0000,0.0000
0.1500,0,0.0000,0.0000,9.8100,0.0000,0.0000,0.0000,0.0000,0.0000,0.0000,0.0000,0.0000,0.0000
0.1600,0,0.0000,0.0000,9.8100,0.0000,0.0000,0.0000,0.0000,0.0000,0.0000,0.0000,0.0000,0.0000
0.1700,0,0.0000,0.0000,9.8100,0.0000,0.0000,0.0000,0.0000,0.0000,0.0000,0.0000,0.0000,0.0000
0.1800,0,0.0000,0.0000,9.8100,0.0000,0.0000,0.0000,0.0000,0.0000,0.0000,0.0000,0.0000,0.0000
0.1900,0,0.0000,0.0000,9.8100,0.0000,0.0000,0.0000,0.0000,0.0000,0.0000,0.0000,0.0000,0.0000
0.2000,0,0.0000,0.0000,9.8100,0.0000,0.0000,0.0000,0.0000,0.0000,0.0000,0.0000,0.0000,0.0000
0.2100,0,0.0000,0.0000,9.8100,0.0000,0.0000,0.0000,0.0000,0.0000,0.0000,0.0000,0.0000,0.0000
0.2200,0,0.0000,0.0000,9.8100,0.0000,0.0000,0.0000,0.0000,0.0000,0.0000,0.0000,0.0000,0.0000
0.2300,0,0.0000,0.0000,9.8100,0.0000,0.0000,0.0000,0.0000,0.0000,0.0000,0.0000,0.0000,0.0000
0.2400,0,0.0000,0.0000,9.8100,0.0000,0.0000,0.0000,0.0000,0.0000,0.0000,0.0000,0.0000,0.0000
0.2500,0,0.0000,0.0000,9.8100,0.0000,0.0000,0.0000,0.0000,0.0000,0.0000,0.0000,0.0000,0.0000
0.2600,0,0.0000,0.0000,9.8100,0.0000,0.0000,0.0000,0.0000,0.0000,0.0000,0.0000,0.0000,0.0000
0.2700,0,0.0000,0.0000,9.8100,0.0000,0.0000,0.0000,0.0000,0.0000,0.0000,0.0000,0.0000,0.0000
0.2800,0,0.0000,0.0000,9.8100,0.0000,0.0000,0.0000,0.0000,0.0000,0.0000,0.0000,0.0000,0.0000
0.2900,0,0.0000,0.0000,9.8100,0.0000,0.0000,0.0000,0.0000,0.0000,0.0000,0.0000,0.0000,0.0000
0.3000,0,0.0000,0.0000,9.8100,0.0000,0.0000,0.0000,0.0000,0.0000,0.0000,0.0000,0.0000,0.0000
0.3100,0,0.0000,0.0000,9.8100,0.0000,0.0000,0.0000,0.0000,0.0000,0.0000,0.0000,0.0000,0.0000
0.3200,0,0.0000,0.0000,9.8100,0.0000,0.0000,0.0000,0.0000,0.0000,0.0000,0.0000,0.0000,0.0000
0.3300,0,0.0000,0.0000,9.8100,0.0000,0.0000,0.0000,0.0000,0.0000,0.0000,0.0000,0.0000,0.0000
0.3400,0,0.0000,0.0000,9.8100,0.0000,0.0000,0.0000,0.0000,0.0000,0.0000,0.0000,0.0000,0.0000
0.3500,0,0.0000,0.0000,9.8100,0.0000,0.0000,0.0000,0.0000,0.0000,0.0000,0.0000,0.0000,0.0000
0.3600,0,0.0000,0.0000,9.8100,0.0000,0.0000,0.0000,0.0000,0.0000,0.0000,0.0000,0.0000,0.0000
0.3700,0,0.0000,0.0000,9.8100,0.0000,0.0000,0.0000,0.0000,0.0000,0.0000,0.0000,0.0000,0.0000
0.3800,0,0.0000,0.0000,9.8100,0.0000,0.0000,0.0000,0.0000,0.0000,0.0000,0.0000,0.0000,0.0000
0.3900,0,0.0000,0.0000,9.8100,0.0000,0.0000,0.0000,0.0000,0.0000,0.0000,0.0000,0.0000,0.0000
0.4000,0,0.0000,0.0000,9.8100,0.0000,0.0000,0.0000,0.0000,0.0000,0.0000,0.0000,0.0000,0.0000
0.4100,0,0.0000,0.0000,9.8100,0.0000,0.0000,0.0000,0.0000,0.0000,0.0000,0.0000,0.0000,0.0000
0.4200,0,0.0000,0.0000,9.8100,0.0000,0.0000,0.0000,0.0000,0.0000,0.0000,0.0000,0.0000,0.0000
0.4300,0,0.0000,0.0000,9.8100,0.0000,0.0000,0.0000,0.0000,0.0000,0.0000,0.0000,0.0000,0.0000
0.4400,0,0.0000,0.0000,9.8100,0.0000,0.0000,0.0000,0.0000,0.0000,0.0000,0.0000,0.0000,0.0000
0.4500,0,0.0000,0.0000,9.8100,0.0000,0.0000,0.0000,0.0000,0.0000,0.0000,0.0000,0.0000,0.0000
0.4600,0,0.0000,0.0000,9.8100,0.0000,0.0000,0.0000,0.0000,0.0000,0.0000,0.0000,0.0000,0.0000
0.4700,0,0.0000,0.0000,9.8100,0.0000,0.0000,0.0000,0.0000,0.0000,0.0000,0.0000,0.0000,0.0000
0.4800,0,0.0000,0.0000,9.8100,0.0000,0.0000,0.0000,0.0000,0.0000,0.0000,0.0000,0.0000,0.0000
0.4900,0,0.0000,0.0000,9.8100,0.0000,0.0000,0.0000,0.0000,0.0000,0.0000,0.0000,0.0000,0.0000
0.5000,0,0.0000,0.0000,9.8100,0.0000,0.0000,0.0000,0.0000,0.0000,0.0000,0.0000,0.0000,0.0000
0.5100,0,0.0000,0.0000,9.8100,0.0000,0.0000,0.0000,0.0000,0.0000,0.0000,0.0000,0.0000,0.0000
0.5200,0,0.0000,0.0000,9.8100,0.0000,0.0000,0.0000,0.0000,0.0000,0.0000,0.0000,0.0000,0.0000
0.5300,0,0.0000,0.0000,9.8100,0.0000,0.0000,0.0000,0.0000,0.0000,0.0000,0.0000,0.0000,0.0000
0.5400,0,0.0000,0.0000,9.8100,0.0000,0.0000,0.0000,0.0000,0.0000,0.0000,0.0000,0.0000,0.0000
0.5500,0,0.0000,0.0000,9.8100,0.0000,0.0000,0.0000,0.0000,0.0000,0.0000,0.0000,0.0000,0.0000
0.5600,0,0.0000,0.0000,9.8100,0.0000,0.0000,0.0000,0.0000,0.0000,0.0000,0.0000,0.0000,0.0000
0.5700,0,0.0000,0.0000,9.8100,0.0000,0.0000,0.0000,0.0000,0.0000,0.0000,0.0000,0.0000,0.0000
0.5800,0,0.0000,0.0000,9.8100,0.0000,0.0000,0.0000,0.0000,0.0000,0.0000,0.0000,0.0000,0.0000
0.5900,0,0.0000,0.0000,9.8100,0.0000,0.0000,0.0000,0.0000,0.0000,0.0000,0.0000,0.0000,0.0000
0.6000,0,0.0000,0.0000,9.8100,0.0000,0.0000,0.0000,0.0000,0.0000,0.0000,0.0000,0.0000,0.0000
0.6100,0,0.0000,0.0000,9.8100,0.0000,0.0000,0.0000,0.0000,0.0000,0.0000,0.0000,0.0000,0.0000
0.6200,0,0.0000,0.0000,9.8100,0.0000,0.0000,0.0000,0.0000,0.0000,0.0000,0.0000,0.0000,0.0000
0.6300,0,0.0000,0.0000,9.8100,0.0000,0.0000,0.0000,0.0000,0.0000,0.0000,0.0000,0.0000,0.0000
0.6400,0,0.0000,0.0000,9.8100,0.0000,0.0000,0.0000,0.0000,0.0000,0.0000,0.0000,0.0000,0.0000
0.6500,0,0.0000,0.0000,9.8100,0.0000,0.0000,0.0000,0.0000,0.0000,0.0000,0.0000,0.0000,0.0000
0.6600,0,0.0000,0.0000,9.8100,0.0000,0.0000,0.0000,0.0000,0.0000,0.0000,0.0000,0.0000,0.0000
0.6700,0,0.0000,0.0000,9.8100,0.0000,0.0000,0.0000,0.0000,0.0000,0.0000,0.0000,0.0000,0.0000
0.6800,0,0.0000,0.0000,9.8100,0.0000,0.0000,0.0000,0.0000,0.0000,0.0000,0.0000,0.0000,0.0000
0.6900,0,0.0000,0.0000,9.8100,0.0000,0.0000,0.0000,0.0000,0.0000,0.0000,0.0000,0.0000,0.0000
0.7000,0,0.0000,0.0000,9.8100,0.0000,0.0000,0.0000,0.0000,0.0000,0.0000,0.0000,0.0000,0.0000
0.7100,0,0.0000,0.0000,9.8100,0.0000,0.0000,0.0000,0.0000,0.0000,0.0000,0.0000,0.0000,0.0000
0.7200,0,0.0000,0.0000,9.8100,0.0000,0.0000,0.0000,0.0000,0.0000,0.0000,0.0000,0.0000,0.0000
0.7300,0,0.0000,0.0000,9.8100,0.0000,0.0000,0.0000,0.0000,0.0000,0.0000,0.0000,0.0000,0.0000
0.7400,0,0.0000,0.0000,9.8100,0.0000,0.0000,0.0000,0.0000,0.0000,0.0000,0.0000,0.0000,0.0000
0.7500,0,0.0000,0.0000,9.8100,0.0000,0.0000,0.0000,0.0000,0.0000,0.0000,0.0000,0.0000,0.0000
0.7600,0,0.0000,0.0000,9.8100,0.0000,0.0000,0.0000,0.0000,0.0000,0.0000,0.0000,0.0000,0.0000
0.7700,0,0.0000,0.0000,9.8100,0.0000,0.0000,0.0000,0.0000,0.0000,0.0000,0.0000,0.0000,0.0000
0.7800,0,0.0000,0.0000,9.8100,0.0000,0.0000,0.0000,0.0000,0.0000,0.0000,0.0000,0.0000,0.0000
0.7900,0,0.0000,0.0000,9.8100,0.0000,0.0000,0.0000,0.0000,0.0000,0.0000,0.0000,0.0000,0.0000
0.8000,0,0.0000,0.0000,9.8100,0.0000,0.0000,0.0000,0.0000,0.0000,0.0000,0.0000,0.0000,0.0000
0.8100,0,0.0000,0.0000,9.8100,0.0000,0.0000,0.0000,0.0000,0.0000,0.0000,0.0000,0.0000,0.0000
0.8200,0,0.0000,0.0000,9.8100,0.0000,0.0000,0.0000,0.0000,0.0000,0.0000,0.0000,0.0000,0.0000
0.8300,0,0.0000,0.0000,9.8100,0.0000,0.0000,0.0000,0.0000,0.0000,0.0000,0.0000,0.0000,0.0000
0.8400,0,0.0000,0.0000,9.8100,0.0000,0.0000,0.0000,0.0000,0.0000,0.0000,0.0000,0.0000,0.0000
0.8500,0,0.0000,0.0000,9.8100,0.0000,0.0000,0.0000,0.0000,0.0000,0.0000,0.0000,0.0000,0.0000
0.8600,0,0.0000,0.0000,9.8100,0.0000,0.0000,0.0000,0.0000,0.0000,0.0000,0.0000,0.0000,0.0000
0.8700,0,0.0000,0.0000,9.8100,0.0000,0.0000,0.0000,0.0000,0.0000,0.0000,0.0000,0.0000,0.0000
0.8800,0,0.0000,0.0000,9.8100,0.0000,0.0000,0.0000,0.0000,0.0000,0.0000,0.0000,0.0000,0.0000
0.8900,0,0.0000,0.0000,9.8100,0.0000,0.0000,0.0000,0.0000,0.0000,0.0000,0.0000,0.0000,0.0000
0.9000,0,0.0000,0.0000,9.8100,0.0000,0.0000,0.0000,0.0000,0.0000,0.0000,0.0000,0.0000,0.0000
0.9100,0,0.0000,0.0000,9.8100,0.0000,0.0000,0.0000,0.0000,0.0000,0.0000,0.0000,0.0000,0.0000
0.9200,0,0.0000,0.0000,9.8100,0.0000,0.0000,0.0000,0.0000,0.0000,0.0000,0.0000,0.0000,0.0000
0.9300,0,0.0000,0.0000,9.8100,0.0000,0.0000,0.0000,0.0000,0.0000,0.0000,0.0000,0.0000,0.0000
0.9400,0,0.0000,0.0000,9.8100,0.0000,0.0000,0.0000,0.0000,0.0000,0.0000,0.0000,0.0000,0.0000
0.9500,0,0.0000,0.0000,9.8100,0.0000,0.0000,0.0000,0.0000,0.0000,0.0000,0.0000,0.0000,0.0000
0.9600,0,0.0000,0.0000,9.8100,0.0000,0.0000,0.0000,0.0000,0.0000,0.0000,0.0000,0.0000,0.0000
0.9700,0,0.0000,0.0000,9.8100,0.0000,0.0000,0.0000,0.0000,0.0000,0.0000,0.0000,0.0000,0.0000
0.9800,0,0.0000,0.0000,9.8100,0.0000,0.0000,0.0000,0.0000,0.0000,0.0000,0.0000,0.0000,0.0000
0.9900,0,0.0000,0.0000,9.8100,0.0000,0.0000,0.0000,0.0000,0.0000,0.0000,0.0000,0.0000,0.0000
1.0000,0,0.0000,0.0000,9.8100,0.0000,0.0000,0.0000,0.0000,0.0000,0.0000,0.0000,0.0000,0.0000
1.0100,0,0.0000,0.0000,9.8100,0.0000,0.0000,0.0000,0.0000,0.0000,0.0000,0.0000,0.0000,0.0000
1.0200,0,0.0000,0.0000,9.8100,0.0000,0.0000,0.0000,0.0000,0.0000,0.0000,0.0000,0.0000,0.0000
1.0300,0,0.0000,0.0000,9.8100,0.0000,0.0000,0.0000,0.0000,0.0000,0.0000,0.0000,0.0000,0.0000
1.0400,0,0.0000,0.0000,9.8100,0.0000,0.0000,0.0000,0.0000,0.0000,0.0000,0.0000,0.0000,0.0000
1.0500,0,0.0000,0.0000,9.8100,0.0000,0.0000,0.0000,0.0000,0.0000,0.0000,0.0000,0.0000,0.0000
1.0600,0,0.0000,0.0000,9.8100,0.0000,0.0000,0.0000,0.0000,0.0000,0.0000,0.0000,0.0000,0.0000
1.0700,0,0.0000,0.0000,9.8100,0.0000,0.0000,0.0000,0.0000,0.0000,0.0000,0.0000,0.0000,0.0000
1.0800,0,0.0000,0.0000,9.8100,0.0000,0.0000,0.0000,0.0000,0.0000,0.0000,0.0000,0.0000,0.0000
1.0900,0,0.0000,0.0000,9.8100,0.0000,0.0000,0.0000,0.0000,0.0000,0.0000,0.0000,0.0000,0.0000
1.1000,0,0.0000,0.0000,9.8100,0.0000,0.0000,0.0000,0.0000,0.0000,0.0000,0.0000,0.0000,0.0000
1.1100,0,0.0000,0.0000,9.8100,0.0000,0.0000,0.0000,0.0000,0.0000,0.0000,0.0000,0.0000,0.0000
1.1200,0,0.0000,0.0000,9.8100,0.0000,0.0000,0.0000,0.0000,0.0000,0.0000,0.0000,0.0000,0.0000
1.1300,0,0.0000,0.0000,9.8100,0.0000,0.0000,0.0000,0.0000,0.0000,0.0000,0.0000,0.0000,0.0000
1.1400,0,0.0000,0.0000,9.8100,0.0000,0.0000,0.0000,0.0000,0.0000,0.0000,0.0000,0.0000,0.0000
1.1500,0,0.0000,0.0000,9.8100,0.0000,0.0000,0.0000,0.0000,0.0000,0.0000,0.0000,0.0000,0.0000
1.1600,0,0.0000,0.0000,9.8100,0.0000,0.0000,0.0000,0.0000,0.0000,0.0000,0.0000,0.0000,0.0000
1.1700,0,0.0000,0.0000,9.8100,0.0000,0.0000,0.0000,0.0000,0.0000,0.0000,0.0000,0.0000,0.0000
1.1800,0,0.0000,0.0000,9.8100,0.0000,0.0000,0.0000,0.0000,0.0000,0.0000,0.0000,0.0000,0.0000
1.1900,0,0.0000,0.0000,9.8100,0.0000,0.0000,0.0000,0.0000,0.0000,0.0000,0.0000,0.0000,0.0000
1.2000,0,0.0000,0.0000,9.8100,0.0000,0.0000,0.0000,0.0000,0.0000,0.0000,0.0000,0.0000,0.0000
1.2100,0,0.0000,0.0000,9.8100,0.0000,0.0000,0.0000,0.0000,0.0000,0.0000,0.0000,0.0000,0.0000
1.2200,0,0.0000,0.0000,9.8100,0.0000,0.0000,0.0000,0.0000,0.0000,0.0000,0.0000,0.0000,0.0000
1.2300,0,0.0000,0.0000,9.8100,0.0000,0.0000,0.0000,0.0000,0.0000,0.0000,0.0000,0.0000,0.0000
1.2400,0,0.0000,0.0000,9.8100,0.0000,0.0000,0.0000,0.0000,0.0000,0.0000,0.0000,0.0000,0.0000
1.2500,0,0.0000,0.0000,9.8100,0.0000,0.0000,0.0000,0.0000,0.0000,0.0000,0.0000,0.0000,0.0000
1.2600,0,0.0000,0.0000,9.8100,0.0000,0.0000,0.0000,0.0000,0.0000,0.0000,0.0000,0.0000,0.0000
1.2700,0,0.0000,0.0000,9.8100,0.0000,0.0000,0.0000,0.0000,0.0000,0.0000,0.0000,0.0000,0.0000
1.2800,0,0.0000,0.0000,9.8100,0.0000,0.0000,0.0000,0.0000,0.0000,0.0000,0.0000,0.0000,0.0000
1.2900,0,0.0000,0.0000,9.8100,0.0000,0.0000,0.0000,0.0000,0.0000,0.0000,0.0000,0.0000,0.0000
1.3000,0,0.0000,0.0000,9.8100,0.0000,0.0000,0.0000,0.0000,0.0000,0.0000,0.0000,0.0000,0.0000
1.3100,0,0.0000,0.0000,9.8100,0.0000,0.0000,0.0000,0.0000,0.0000,0.0000,0.0000,0.0000,0.0000
1.3200,0,0.0000,0.0000,9.8100,0.0000,0.0000,0.0000,0.0000,0.0000,0.0000,0.0000,0.0000,0.0000
1.3300,0,0.0000,0.0000,9.8100,0.0000,0.0000,0.0000,0.0000,0.0000,0.0000,0.0000,0.0000,0.0000
1.3400,0,0.0000,0.0000,9.8100,0.0000,0.0000,0.0000,0.0000,0.0000,0.0000,0.0000,0.0000,0.0000
1.3500,0,0.0000,0.0000,9.8100,0.0000,0.0000,0.0000,0.0000,0.0000,0.0000,0.0000,0.0000,0.0000
1.3600,0,0.0000,0.0000,9.8100,0.0000,0.0000,0.0000,0.0000,0.0000,0.0000,0.0000,0.0000,0.0000
1.3700,0,0.0000,0.0000,9.8100,0.0000,0.0000,0.0000,0.0000,0.0000,0.0000,0.0000,0.0000,0.0000
1.3800,0,0.0000,0.0000,9.8100,0.0000,0.0000,0.0000,0.0000,0.0000,0.0000,0.0000,0.0000,0.0000
1.3900,0,0.0000,0.0000,9.8100,0.0000,0.0000,0.0000,0.0000,0.0000,0.0000,0.0000,0.0000,0.0000
1.4000,0,0.0000,0.0000,9.8100,0.0000,0.0000,0.0000,0.0000,0.0000,0.0000,0.0000,0.0000,0.0000
1.4100,0,0.0000,0.0000,9.8100,0.0000,0.0000,0.0000,0.0000,0.0000,0.0000,0.0000,0.0000,0.0000
1.4200,0,0.0000,0.0000,9.8100,0.0000,0.0000,0.0000,0.0000,0.0000,0.0000,0.0000,0.0000,0.0000
1.4300,0,0.0000,0.0000,9.8100,0.0000,0.0000,0.0000,0.0000,0.0000,0.0000,0.0000,0.0000,0.0000
1.4400,0,0.0000,0.0000,9.8100,0.0000,0.0000,0.0000,0.0000,0.0000,0.0000,0.0000,0.0000,0.0000
1.4500,0,0.0000,0.0000,9.8100,0.0000,0.0000,0.0000,0.0000,0.0000,0.0000,0.0000,0.0000,0.0000
1.4600,0,0.0000,0.0000,9.8100,0.0000,0.0000,0.0000,0.0000,0.0000,0.0000,0.0000,0.0000,0.0000
1.4700,0,0.0000,0.0000,9.8100,0.0000,0.0000,0.0000,0.0000,0.0000,0.0000,0.0000,0.0000,0.0000
1.4800,0,0.0000,0.0000,9.8100,0.0000,0.0000,0.0000,0.0000,0.0000,0.0000,0.0000,0.0000,0.0000
1.4900,0,0.0000,0.0000,9.8100,0.0000,0.0000,0.0000,0.0000,0.0000,0.0000,0.0000,0.0000,0.0000
1.5000,0,0.0000,0.0000,9.8100,0.0000,0.0000,0.0000,0.0000,0.0000,0.0000,0.0000,0.0000,0.0000
1.5100,0,0.0000,0.0000,9.8100,0.0000,0.0000,0.0000,0.0000,0.0000,0.0000,0.0000,0.0000,0.0000
1.5200,0,0.0000,0.0000,9.8100,0.0000,0.0000,0.0000,0.0000,0.0000,0.0000,0.0000,0.0000,0.0000
1.5300,0,0.0000,0.0000,9.8100,0.0000,0.0000,0.0000,0.0000,0.0000,0.0000,0.0000,0.0000,0.0000
1.5400,0,0.0000,0.0000,9.8100,0.0000,0.0000,0.0000,0.0000,0.0000,0.0000,0.0000,0.0000,0.0000
1.5500,0,0.0000,0.0000,9.8100,0.0000,0.0000,0.0000,0.0000,0.0000,0.0000,0.0000,0.0000,0.0000
1.5600,0,0.0000,0.0000,9.8100,0.0000,0.0000,0.0000,0.0000,0.0000,0.0000,0.0000,0.0000,0.0000
1.5700,0,0.0000,0.0000,9.8100,0.0000,0.0000,0.0000,0.0000,0.0000,0.0000,0.0000,0.0000,0.0000
1.5800,0,0.0000,0.0000,9.8100,0.0000,0.0000,0.0000,0.0000,0.0000,0.0000,0.0000,0.0000,0.0000
1.5900,0,0.0000,0.0000,9.8100,0.0000,0.0000,0.0000,0.0000,0.0000,0.0000,0.0000,0.0000,0.0000
1.6000,0,0.0000,0.0000,9.8100,0.0000,0.0000,0.0000,0.0000,0.0000,0.0000,0.0000,0.0000,0.0000
1.6100,0,0.0000,0.0000,9.8100,0.0000,0.0000,0.0000,0.0000,0.0000,0.0000,0.0000,0.0000,0.0000
1.6200,0,0.0000,0.0000,9.8100,0.0000,0.0000,0.0000,0.0000,0.0000,0.0000,0.0000,0.0000,0.0000
1.6300,0,0.0000,0.0000,9.8100,0.0000,0.0000,0.0000,0.0000,0.0000,0.0000,0.0000,0.0000,0.0000
1.6400,0,0.0000,0.0000,9.8100,0.0000,0.0000,0.0000,0.0000,0.0000,0.0000,0.0000,0.0000,0.0000
1.6500,0,0.0000,0.0000,9.8100,0.0000,0.0000,0.0000,0.0000,0.0000,0.0000,0.0000,0.0000,0.0000
1.6600,0,0.0000,0.0000,9.8100,0.0000,0.0000,0.0000,0.0000,0.0000,0.0000,0.0000,0.0000,0.0000
1.6700,0,0.0000,0.0000,9.8100,0.0000,0.0000,0.0000,0.0000,0.0000,0.0000,0.0000,0.0000,0.0000
1.6800,0,0.0000,0.0000,9.8100,0.0000,0.0000,0.0000,0.0000,0.0000,0.0000,0.0000,0.0000,0.0000
1.6900,0,0.0000,0.0000,9.8100,0.0000,0.0000,0.0000,0.0000,0.0000,0.0000,0.0000,0.0000,0.0000
1.7000,0,0.0000,0.0000,9.8100,0.0000,0.0000,0.0000,0.0000,0.0000,0.0000,0.0000,0.0000,0.0000
1.7100,0,0.0000,0.0000,9.8100,0.0000,0.0000,0.0000,0.0000,0.0000,0.0000,0.0000,0.0000,0.0000
1.7200,0,0.0000,0.0000,9.8100,0.0000,0.0000,0.0000,0.0000,0.0000,0.0000,0.0000,0.0000,0.0000
1.7300,0,0.0000,0.0000,9.8100,0.0000,0.0000,0.0000,0.0000,0.0000,0.0000,0.0000,0.0000,0.0000
1.7400,0,0.0000,0.0000,9.8100,0.0000,0.0000,0.0000,0.0000,0.0000,0.0000,0.0000,0.0000,0.0000
1.7500,0,0.0000,0.0000,9.8100,0.0000,0.0000,0.0000,0.0000,0.0000,0.0000,0.0000,0.0000,0.0000
1.7600,0,0.0000,0.0000,9.8100,0.0000,0.0000,0.0000,0.0000,0.0000,0.0000,0.0000,0.0000,0.0000
1.7700,0,0.0000,0.0000,9.8100,0.0000,0.0000,0.0000,0.0000,0.0000,0.0000,0.0000,0.0000,0.0000
1.7800,0,0.0000,0.0000,9.8100,0.0000,0.0000,0.0000,0.0000,0.0000,0.0000,0.0000,0.0000,0.0000
1.7900,0,0.0000,0.0000,9.8100,0.0000,0.0000,0.0000,0.0000,0.0000,0.0000,0.0000,0.0000,0.0000
1.8000,0,0.0000,0.0000,9.8100,0.0000,0.0000,0.0000,0.0000,0.0000,0.0000,0.0000,0.0000,0.0000
1.8100,0,0.0000,0.0000,9.8100,0.0000,0.0000,0.0000,0.0000,0.0000,0.0000,0.0000,0.0000,0.0000
1.8200,0,0.0000,0.0000,9.8100,0.0000,0.0000,0.0000,0.0000,0.0000,0.0000,0.0000,0.0000,0.0000
1.8300,0,0.0000,0.0000,9.8100,0.0000,0.0000,0.0000,0.0000,0.0000,0.0000,0.0000,0.0000,0.0000
1.8400,0,0.0000,0.0000,9.8100,0.0000,0.0000,0.0000,0.0000,0.0000,0.0000,0.0000,0.0000,0.0000
1.8500,0,0.0000,0.0000,9.8100,0.0000,0.0000,0.0000,0.0000,0.0000,0.0000,0.0000,0.0000,0.0000
1.8600,0,0.0000,0.0000,9.8100,0.0000,0.0000,0.0000,0.0000,0.0000,0.0000,0.0000,0.0000,0.0000
1.8700,0,0.0000,0.0000,9.8100,0.0000,0.0000,0.0000,0.0000,0.0000,0.0000,0.0000,0.0000,0.0000
1.8800,0,0.0000,0.0000,9.8100,0.0000,0.0000,0.0000,0.0000,0.0000,0.0000,0.0000,0.0000,0.0000
1.8900,0,0.0000,0.0000,9.8100,0.0000,0.0000,0.0000,0.0000,0.0000,0.0000,0.0000,0.0000,0.0000
1.9000,0,0.0000,0.0000,9.8100,0.0000,0.0000,0.0000,0.0000,0.0000,0.0000,0.0000,0.0000,0.0000
1.9100,0,0.0000,0.0000,9.8100,0.0000,0.0000,0.0000,0.0000,0.0000,0.0000,0.0000,0.0000,0.0000
1.9200,0,0.0000,0.0000,9.8100,0.0000,0.0000,0.0000,0.0000,0.0000,0.0000,0.0000,0.0000,0.0000
1.9300,0,0.0000,0.0000,9.8100,0.0000,0.0000,0.0000,0.0000,0.0000,0.0000,0.0000,0.0000,0.0000
1.9400,0,0.0000,0.0000,9.8100,0.0000,0.0000,0.0000,0.0000,0.0000,0.0000,0.0000,0.0000,0.0000
1.9500,0,0.0000,0.0000,9.8100,0.0000,0.0000,0.0000,0.0000,0.0000,0.0000,0.0000,0.0000,0.0000
1.9600,0,0.0000,0.0000,9.8100,0.0000,0.0000,0.0000,0.0000,0.0000,0.0000,0.0000,0.0000,0.0000
1.9700,0,0.0000,0.0000,9.8100,0.0000,0.0000,0.0000,0.0000,0.0000,0.0000,0.0000,0.0000,0.0000
1.9800,0,0.0000,0.0000,9.8100,0.0000,0.0000,0.0000,0.0000,0.0000,0.0000,0.0000,0.0000,0.0000
1.9900,0,0.0000,0.0000,9.8100,0.0000,0.0000,0.0000,0.0000,0.0000,0.0000,0.0000,0.0000,0.0000
2.0000,1,0.0000,4.9050,8.4957,0.5236,0.0000,0.0000,0.0156,0.0000,0.0000,0.8940,0.0000,0.0000
2.0100,1,0.0000,4.9050,8.4957,0.5236,0.0000,0.0000,0.0309,0.0000,0.0000,1.7701,0.0000,0.0000
2.0200,1,0.0000,4.9050,8.4957,0.5236,0.0000,0.0000,0.0459,0.0000,0.0000,2.6287,0.0000,0.0000
2.0300,1,0.0000,4.9050,8.4957,0.5236,0.0000,0.0000,0.0606,0.0000,0.0000,3.4701,0.0000,0.0000
2.0400,1,0.0000,4.9050,8.4957,0.5236,0.0000,0.0000,0.0750,0.0000,0.0000,4.2947,0.0000,0.0000
2.0500,1,0.0000,4.9050,8.4957,0.5236,0.0000,0.0000,0.0891,0.0000,0.0000,5.1028,0.0000,0.0000
2.0600,1,0.0000,4.9050,8.4957,0.5236,0.0000,0.0000,0.1029,0.0000,0.0000,5.8948,0.0000,0.0000
2.0700,1,0.0000,4.9050,8.4957,0.5236,0.0000,0.0000,0.1164,0.0000,0.0000,6.6709,0.0000,0.0000
2.0800,1,0.0000,4.9050,8.4957,0.5236,0.0000,0.0000,0.1297,0.0000,0.0000,7.4315,0.0000,0.0000
2.0900,1,0.0000,4.9050,8.4957,0.5236,0.0000,0.0000,0.1427,0.0000,0.0000,8.1768,0.0000,0.0000
2.1000,1,0.0000,4.9050,8.4957,0.5236,0.0000,0.0000,0.1555,0.0000,0.0000,8.9073,0.0000,0.0000
2.1100,1,0.0000,4.9050,8.4957,0.5236,0.0000,0.0000,0.1680,0.0000,0.0000,9.6232,0.0000,0.0000
2.1200,1,0.0000,4.9050,8.4957,0.5236,0.0000,0.0000,0.1802,0.0000,0.0000,10.3247,0.0000,0.0000
2.1300,1,0.0000,4.9050,8.4957,0.5236,0.0000,0.0000,0.1922,0.0000,0.0000,11.0122,0.0000,0.0000
2.1400,1,0.0000,4.9050,8.4957,0.5236,0.0000,0.0000,0.2040,0.0000,0.0000,11.6860,0.0000,0.0000
2.1500,1,0.0000,4.9050,8.4957,0.5236,0.0000,0.0000,0.2155,0.0000,0.0000,12.3462,0.0000,0.0000
2.1600,1,0.0000,4.9050,8.4957,0.5236,0.0000,0.0000,0.2268,0.0000,0.0000,12.9933,0.0000,0.0000
2.1700,1,0.0000,4.9050,8.4957,0.5236,0.0000,0.0000,0.2378,0.0000,0.0000,13.6274,0.0000,0.0000
2.1800,1,0.0000,4.9050,8.4957,0.5236,0.0000,0.0000,0.2487,0.0000,0.0000,14.2489,0.0000,0.0000
2.1900,1,0.0000,4.9050,8.4957,0.5236,0.0000,0.0000,0.2593,0.0000,0.0000,14.8579,0.0000,0.0000
2.2000,1,0.0000,4.9050,8.4957,0.5236,0.0000,0.0000,0.2697,0.0000,0.0000,15.4548,0.0000,0.0000
2.2100,1,0.0000,4.9050,8.4957,0.5236,0.0000,0.0000,0.2799,0.0000,0.0000,16.0397,0.0000,0.0000
2.2200,1,0.0000,4.9050,8.4957,0.5236,0.0000,0.0000,0.2899,0.0000,0.0000,16.6129,0.0000,0.0000
2.2300,1,0.0000,4.9050,8.4957,0.5236,0.0000,0.0000,0.2998,0.0000,0.0000,17.1746,0.0000,0.0000
2.2400,1,0.0000,4.9050,8.4957,0.5236,0.0000,0.0000,0.3094,0.0000,0.0000,17.7251,0.0000,0.0000
2.2500,1,0.0000,4.9050,8.4957,0.5236,0.0000,0.0000,0.3188,0.0000,0.0000,18.2646,0.0000,0.0000
2.2600,1,0.0000,4.9050,8.4957,0.5236,0.0000,0.0000,0.3280,0.0000,0.0000,18.7933,0.0000,0.0000
2.2700,1,0.0000,4.9050,8.4957,0.5236,0.0000,0.0000,0.3370,0.0000,0.0000,19.3115,0.0000,0.0000
2.2800,1,0.0000,4.9050,8.4957,0.5236,0.0000,0.0000,0.3459,0.0000,0.0000,19.8192,0.0000,0.0000
2.2900,1,0.0000,4.9050,8.4957,0.5236,0.0000,0.0000,0.3546,0.0000,0.0000,20.3169,0.0000,0.0000
2.3000,1,0.0000,4.9050,8.4957,0.5236,0.0000,0.0000,0.3631,0.0000,0.0000,20.8045,0.0000,0.0000
2.3100,1,0.0000,4.9050,8.4957,0.5236,0.0000,0.0000,0.3714,0.0000,0.0000,21.2824,0.0000,0.0000
2.3200,1,0.0000,4.9050,8.4957,0.5236,0.0000,0.0000,0.3796,0.0000,0.0000,21.7508,0.0000,0.0000
2.3300,1,0.0000,4.9050,8.4957,0.5236,0.0000,0.0000,0.3876,0.0000,0.0000,22.2098,0.0000,0.0000
2.3400,1,0.0000,4.9050,8.4957,0.5236,0.0000,0.0000,0.3955,0.0000,0.0000,22.6596,0.0000,0.0000
2.3500,1,0.0000,4.9050,8.4957,0.5236,0.0000,0.0000,0.4032,0.0000,0.0000,23.1004,0.0000,0.0000
2.3600,1,0.0000,4.9050,8.4957,0.5236,0.0000,0.0000,0.4107,0.0000,0.0000,23.5324,0.0000,0.0000
2.3700,1,0.0000,4.9050,8.4957,0.5236,0.0000,0.0000,0.4181,0.0000,0.0000,23.9557,0.0000,0.0000
2.3800,1,0.0000,4.9050,8.4957,0.5236,0.0000,0.0000,0.4253,0.0000,0.0000,24.3706,0.0000,0.0000
2.3900,1,0.0000,4.9050,8.4957,0.5236,0.0000,0.0000,0.4324,0.0000,0.0000,24.7772,0.0000,0.0000
2.4000,1,0.0000,4.9050,8.4957,0.5236,0.0000,0.0000,0.4394,0.0000,0.0000,25.1757,0.0000,0.0000
2.4100,1,0.0000,4.9050,8.4957,0.5236,0.0000,0.0000,0.4462,0.0000,0.0000,25.5661,0.0000,0.0000
2.4200,1,0.0000,4.9050,8.4957,0.5236,0.0000,0.0000,0.4529,0.0000,0.0000,25.9488,0.0000,0.0000
2.4300,1,0.0000,4.9050,8.4957,0.5236,0.0000,0.0000,0.4594,0.0000,0.0000,26.3239,0.0000,0.0000
2.4400,1,0.0000,4.9050,8.4957,0.5236,0.0000,0.0000,0.4659,0.0000,0.0000,26.6914,0.0000,0.0000
2.4500,1,0.0000,4.9050,8.4957,0.5236,0.0000,0.0000,0.4721,0.0000,0.0000,27.0515,0.0000,0.0000
2.4600,1,0.0000,4.9050,8.4957,0.5236,0.0000,0.0000,0.4783,0.0000,0.0000,27.4045,0.0000,0.0000
2.4700,1,0.0000,4.9050,8.4957,0.5236,0.0000,0.0000,0.4843,0.0000,0.0000,27.7504,0.0000,0.0000
2.4800,1,0.0000,4.9050,8.4957,0.5236,0.0000,0.0000,0.4903,0.0000,0.0000,28.0894,0.0000,0.0000
2.4900,1,0.0000,4.9050,8.4957,0.5236,0.0000,0.0000,0.4961,0.0000,0.0000,28.4216,0.0000,0.0000
2.5000,1,0.0000,4.9050,8.4957,0.0000,0.0000,0.0000,0.4966,0.0000,0.0000,28.4532,0.0000,0.0000
2.5100,1,0.0000,4.9050,8.4957,0.0000,0.0000,0.0000,0.4971,0.0000,0.0000,28.4841,0.0000,0.0000
2.5200,1,0.0000,4.9050,8.4957,0.0000,0.0000,0.0000,0.4977,0.0000,0.0000,28.5145,0.0000,0.0000
2.5300,1,0.0000,4.9050,8.4957,0.0000,0.0000,0.0000,0.4982,0.0000,0.0000,28.5442,0.0000,0.0000
2.5400,1,0.0000,4.9050,8.4957,0.0000,0.0000,0.0000,0.4987,0.0000,0.0000,28.5733,0.0000,0.0000
2.5500,1,0.0000,4.9050,8.4957,0.0000,0.0000,0.0000,0.4992,0.0000,0.0000,28.6018,0.0000,0.0000
2.5600,1,0.0000,4.9050,8.4957,0.0000,0.0000,0.0000,0.4997,0.0000,0.0000,28.6298,0.0000,0.0000
2.5700,1,0.0000,4.9050,8.4957,0.0000,0.0000,0.0000,0.5002,0.0000,0.0000,28.6572,0.0000,0.0000
2.5800,1,0.0000,4.9050,8.4957,0.0000,0.0000,0.0000,0.5006,0.0000,0.0000,28.6840,0.0000,0.0000
2.5900,1,0.0000,4.9050,8.4957,0.0000,0.0000,0.0000,0.5011,0.0000,0.0000,28.7104,0.0000,0.0000
2.6000,1,0.0000,4.9050,8.4957,0.0000,0.0000,0.0000,0.5015,0.0000,0.0000,28.7362,0.0000,0.0000
2.6100,1,0.0000,4.9050,8.4957,0.0000,0.0000,0.0000,0.5020,0.0000,0.0000,28.7614,0.0000,0.0000
2.6200,1,0.0000,4.9050,8.4957,0.0000,0.0000,0.0000,0.5024,0.0000,0.0000,28.7862,0.0000,0.0000
2.6300,1,0.0000,4.9050,8.4957,0.0000,0.0000,0.0000,0.5028,0.0000,0.0000,28.8105,0.0000,0.0000
2.6400,1,0.0000,4.9050,8.4957,0.0000,0.0000,0.0000,0.5033,0.0000,0.0000,28.8343,0.0000,0.0000
2.6500,1,0.0000,4.9050,8.4957,0.0000,0.0000,0.0000,0.5037,0.0000,0.0000,28.8576,0.0000,0.0000
2.6600,1,0.0000,4.9050,8.4957,0.0000,0.0000,0.0000,0.5041,0.0000,0.0000,28.8804,0.0000,0.0000
2.6700,1,0.0000,4.9050,8.4957,0.0000,0.0000,0.0000,0.5044,0.0000,0.0000,28.9028,0.0000,0.0000
2.6800,1,0.0000,4.9050,8.4957,0.0000,0.0000,0.0000,0.5048,0.0000,0.0000,28.9248,0.0000,0.0000
2.6900,1,0.0000,4.9050,8.4957,0.0000,0.0000,0.0000,0.5052,0.0000,0.0000,28.9463,0.0000,0.0000
2.7000,1,0.0000,4.9050,8.4957,0.0000,0.0000,0.0000,0.5056,0.0000,0.0000,28.9674,0.0000,0.0000
2.7100,1,0.0000,4.9050,8.4957,0.0000,0.0000,0.0000,0.5059,0.0000,0.0000,28.9880,0.0000,0.0000
2.7200,1,0.0000,4.9050,8.4957,0.0000,0.0000,0.0000,0.5063,0.0000,0.0000,29.0083,0.0000,0.0000
2.7300,1,0.0000,4.9050,8.4957,0.0000,0.0000,0.0000,0.5066,0.0000,0.0000,29.0281,0.0000,0.0000
2.7400,1,0.0000,4.9050,8.4957,0.0000,0.0000,0.0000,0.5070,0.0000,0.0000,29.0475,0.0000,0.0000
2.7500,1,0.0000,4.9050,8.4957,0.0000,0.0000,0.0000,0.5073,0.0000,0.0000,29.0666,0.0000,0.0000
2.7600,1,0.0000,4.9050,8.4957,0.0000,0.0000,0.0000,0.5076,0.0000,0.0000,29.0853,0.0000,0.0000
2.7700,1,0.0000,4.9050,8.4957,0.0000,0.0000,0.0000,0.5080,0.0000,0.0000,29.1035,0.0000,0.0000
2.7800,1,0.0000,4.9050,8.4957,0.0000,0.0000,0.0000,0.5083,0.0000,0.0000,29.1215,0.0000,0.0000
2.7900,1,0.0000,4.9050,8.4957,0.0000,0.0000,0.0000,0.5086,0.0000,0.0000,29.1390,0.0000,0.0000
2.8000,1,0.0000,4.9050,8.4957,0.0000,0.0000,0.0000,0.5089,0.0000,0.0000,29.1563,0.0000,0.0000
2.8100,1,0.0000,4.9050,8.4957,0.0000,0.0000,0.0000,0.5092,0.0000,0.0000,29.1731,0.0000,0.0000
2.8200,1,0.0000,4.9050,8.4957,0.0000,0.0000,0.0000,0.5095,0.0000,0.0000,29.1897,0.0000,0.0000
2.8300,1,0.0000,4.9050,8.4957,0.0000,0.0000,0.0000,0.5097,0.0000,0.0000,29.2059,0.0000,0.0000
2.8400,1,0.0000,4.9050,8.4957,0.0000,0.0000,0.0000,0.5100,0.0000,0.0000,29.2218,0.0000,0.0000
2.8500,1,0.0000,4.9050,8.4957,0.0000,0.0000,0.0000,0.5103,0.0000,0.0000,29.2373,0.0000,0.0000
2.8600,1,0.0000,4.9050,8.4957,0.0000,0.0000,0.0000,0.5106,0.0000,0.0000,29.2526,0.0000,0.0000
2.8700,1,0.0000,4.9050,8.4957,0.0000,0.0000,0.0000,0.5108,0.0000,0.0000,29.2675,0.0000,0.0000
2.8800,1,0.0000,4.9050,8.4957,0.0000,0.0000,0.0000,0.5111,0.0000,0.0000,29.2822,0.0000,0.0000
2.8900,1,0.0000,4.9050,8.4957,0.0000,0.0000,0.0000,0.5113,0.0000,0.0000,29.2966,0.0000,0.0000
2.9000,1,0.0000,4.9050,8.4957,0.0000,0.0000,0.0000,0.5116,0.0000,0.0000,29.3106,0.0000,0.0000
2.9100,1,0.0000,4.9050,8.4957,0.0000,0.0000,0.0000,0.5118,0.0000,0.0000,29.3244,0.0000,0.0000
2.9200,1,0.0000,4.9050,8.4957,0.0000,0.0000,0.0000,0.5120,0.0000,0.0000,29.3379,0.0000,0.0000
2.9300,1,0.0000,4.9050,8.4957,0.0000,0.0000,0.0000,0.5123,0.0000,0.0000,29.3512,0.0000,0.0000
2.9400,1,0.0000,4.9050,8.4957,0.0000,0.0000,0.0000,0.5125,0.0000,0.0000,29.3641,0.0000,0.0000
2.9500,1,0.0000,4.9050,8.4957,0.0000,0.0000,0.0000,0.5127,0.0000,0.0000,29.3769,0.0000,0.0000
2.9600,1,0.0000,4.9050,8.4957,0.0000,0.0000,0.0000,0.5129,0.0000,0.0000,29.3893,0.0000,0.0000
2.9700,1,0.0000,4.9050,8.4957,0.0000,0.0000,0.0000,0.5132,0.0000,0.0000,29.4015,0.0000,0.0000
2.9800,1,0.0000,4.9050,8.4957,0.0000,0.0000,0.0000,0.5134,0.0000,0.0000,29.4135,0.0000,0.0000
2.9900,1,0.0000,4.9050,8.4957,0.0000,0.0000,0.0000,0.5136,0.0000,0.0000,29.4252,0.0000,0.0000
3.0000,1,0.0000,4.9050,8.4957,0.0000,0.0000,0.0000,0.5138,0.0000,0.0000,29.4367,0.0000,0.0000
3.0100,1,0.0000,4.9050,8.4957,0.0000,0.0000,0.0000,0.5140,0.0000,0.0000,29.4480,0.0000,0.0000
3.0200,1,0.0000,4.9050,8.4957,0.0000,0.0000,0.0000,0.5142,0.0000,0.0000,29.4591,0.0000,0.0000
3.0300,1,0.0000,4.9050,8.4957,0.0000,0.0000,0.0000,0.5143,0.0000,0.0000,29.4699,0.0000,0.0000
3.0400,1,0.0000,4.9050,8.4957,0.0000,0.0000,0.0000,0.5145,0.0000,0.0000,29.4805,0.0000,0.0000
3.0500,1,0.0000,4.9050,8.4957,0.0000,0.0000,0.0000,0.5147,0.0000,0.0000,29.4909,0.0000,0.0000
3.0600,1,0.0000,4.9050,8.4957,0.0000,0.0000,0.0000,0.5149,0.0000,0.0000,29.5011,0.0000,0.0000
3.0700,1,0.0000,4.9050,8.4957,0.0000,0.0000,0.0000,0.5151,0.0000,0.0000,29.5110,0.0000,0.0000
3.0800,1,0.0000,4.9050,8.4957,0.0000,0.0000,0.0000,0.5152,0.0000,0.0000,29.5208,0.0000,0.0000
3.0900,1,0.0000,4.9050,8.4957,0.0000,0.0000,0.0000,0.5154,0.0000,0.0000,29.5304,0.0000,0.0000
3.1000,1,0.0000,4.9050,8.4957,0.0000,0.0000,0.0000,0.5156,0.0000,0.0000,29.5398,0.0000,0.0000
3.1100,1,0.0000,4.9050,8.4957,0.0000,0.0000,0.0000,0.5157,0.0000,0.0000,29.5490,0.0000,0.0000
3.1200,1,0.0000,4.9050,8.4957,0.0000,0.0000,0.0000,0.5159,0.0000,0.0000,29.5580,0.0000,0.0000
3.1300,1,0.0000,4.9050,8.4957,0.0000,0.0000,0.0000,0.5160,0.0000,0.0000,29.5669,0.0000,0.0000
3.1400,1,0.0000,4.9050,8.4957,0.0000,0.0000,0.0000,0.5162,0.0000,0.0000,29.5755,0.0000,0.0000
3.1500,1,0.0000,4.9050,8.4957,0.0000,0.0000,0.0000,0.5163,0.0000,0.0000,29.5840,0.0000,0.0000
3.1600,1,0.0000,4.9050,8.4957,0.0000,0.0000,0.0000,0.5165,0.0000,0.0000,29.5923,0.0000,0.0000
3.1700,1,0.0000,4.9050,8.4957,0.0000,0.0000,0.0000,0.5166,0.0000,0.0000,29.6005,0.0000,0.0000
3.1800,1,0.0000,4.9050,8.4957,0.0000,0.0000,0.0000,0.5168,0.0000,0.0000,29.6085,0.0000,0.0000
3.1900,1,0.0000,4.9050,8.4957,0.0000,0.0000,0.0000,0.5169,0.0000,0.0000,29.6163,0.0000,0.0000
3.2000,1,0.0000,4.9050,8.4957,0.0000,0.0000,0.0000,0.5170,0.0000,0.0000,29.6240,0.0000,0.0000
3.2100,1,0.0000,4.9050,8.4957,0.0000,0.0000,0.0000,0.5172,0.0000,0.0000,29.6315,0.0000,0.0000
3.2200,1,0.0000,4.9050,8.4957,0.0000,0.0000,0.0000,0.5173,0.0000,0.0000,29.6389,0.0000,0.0000
3.2300,1,0.0000,4.9050,8.4957,0.0000,0.0000,0.0000,0.5174,0.0000,0.0000,29.6461,0.0000,0.0000
3.2400,1,0.0000,4.9050,8.4957,0.0000,0.0000,0.0000,0.5175,0.0000,0.0000,29.6532,0.0000,0.0000
3.2500,1,0.0000,4.9050,8.4957,0.0000,0.0000,0.0000,0.5177,0.0000,0.0000,29.6601,0.0000,0.0000
3.2600,1,0.0000,4.9050,8.4957,0.0000,0.0000,0.0000,0.5178,0.0000,0.0000,29.6669,0.0000,0.0000
3.2700,1,0.0000,4.9050,8.4957,0.0000,0.0000,0.0000,0.5179,0.0000,0.0000,29.6736,0.0000,0.0000
3.2800,1,0.0000,4.9050,8.4957,0.0000,0.0000,0.0000,0.5180,0.0000,0.0000,29.6801,0.0000,0.0000
3.2900,1,0.0000,4.9050,8.4957,0.0000,0.0000,0.0000,0.5181,0.0000,0.0000,29.6865,0.0000,0.0000
3.3000,1,0.0000,4.9050,8.4957,0.0000,0.0000,0.0000,0.5182,0.0000,0.0000,29.6928,0.0000,0.0000
3.3100,1,0.0000,4.9050,8.4957,0.0000,0.0000,0.0000,0.5183,0.0000,0.0000,29.6989,0.0000,0.0000
3.3200,1,0.0000,4.9050,8.4957,0.0000,0.0000,0.0000,0.5184,0.0000,0.0000,29.7050,0.0000,0.0000
3.3300,1,0.0000,4.9050,8.4957,0.0000,0.0000,0.0000,0.5186,0.0000,0.0000,29.7109,0.0000,0.0000
3.3400,1,0.0000,4.9050,8.4957,0.0000,0.0000,0.0000,0.5187,0.0000,0.0000,29.7167,0.0000,0.0000
3.3500,1,0.0000,4.9050,8.4957,0.0000,0.0000,0.0000,0.5188,0.0000,0.0000,29.7223,0.0000,0.0000
3.3600,1,0.0000,4.9050,8.4957,0.0000,0.0000,0.0000,0.5188,0.0000,0.0000,29.7279,0.0000,0.0000
3.3700,1,0.0000,4.9050,8.4957,0.0000,0.0000,0.0000,0.5189,0.0000,0.0000,29.7333,0.0000,0.0000
3.3800,1,0.0000,4.9050,8.4957,0.0000,0.0000,0.0000,0.5190,0.0000,0.0000,29.7387,0.0000,0.0000
3.3900,1,0.0000,4.9050,8.4957,0.0000,0.0000,0.0000,0.5191,0.0000,0.0000,29.7439,0.0000,0.0000
3.4000,1,0.0000,4.9050,8.4957,0.0000,0.0000,0.0000,0.5192,0.0000,0.0000,29.7490,0.0000,0.0000
3.4100,1,0.0000,4.9050,8.4957,0.0000,0.0000,0.0000,0.5193,0.0000,0.0000,29.7540,0.0000,0.0000
3.4200,1,0.0000,4.9050,8.4957,0.0000,0.0000,0.0000,0.5194,0.0000,0.0000,29.7590,0.0000,0.0000
3.4300,1,0.0000,4.9050,8.4957,0.0000,0.0000,0.0000,0.5195,0.0000,0.0000,29.7638,0.0000,0.0000
3.4400,1,0.0000,4.9050,8.4957,0.0000,0.0000,0.0000,0.5196,0.0000,0.0000,29.7685,0.0000,0.0000
3.4500,1,0.0000,4.9050,8.4957,0.0000,0.0000,0.0000,0.5196,0.0000,0.0000,29.7731,0.0000,0.0000
3.4600,1,0.0000,4.9050,8.4957,0.0000,0.0000,0.0000,0.5197,0.0000,0.0000,29.7777,0.0000,0.0000
3.4700,1,0.0000,4.9050,8.4957,0.0000,0.0000,0.0000,0.5198,0.0000,0.0000,29.7821,0.0000,0.0000
3.4800,1,0.0000,4.9050,8.4957,0.0000,0.0000,0.0000,0.5199,0.0000,0.0000,29.7865,0.0000,0.0000
3.4900,1,0.0000,4.9050,8.4957,0.0000,0.0000,0.0000,0.5199,0.0000,0.0000,29.7908,0.0000,0.0000
3.5000,1,0.0000,4.9050,8.4957,0.0000,0.0000,0.0000,0.5200,0.0000,0.0000,29.7949,0.0000,0.0000
3.5100,1,0.0000,4.9050,8.4957,0.0000,0.0000,0.0000,0.5201,0.0000,0.0000,29.7990,0.0000,0.0000
3.5200,1,0.0000,4.9050,8.4957,0.0000,0.0000,0.0000,0.5202,0.0000,0.0000,29.8031,0.0000,0.0000
3.5300,1,0.0000,4.9050,8.4957,0.0000,0.0000,0.0000,0.5202,0.0000,0.0000,29.8070,0.0000,0.0000
3.5400,1,0.0000,4.9050,8.4957,0.0000,0.0000,0.0000,0.5203,0.0000,0.0000,29.8109,0.0000,0.0000
3.5500,1,0.0000,4.9050,8.4957,0.0000,0.0000,0.0000,0.5204,0.0000,0.0000,29.8146,0.0000,0.0000
3.5600,1,0.0000,4.9050,8.4957,0.0000,0.0000,0.0000,0.5204,0.0000,0.0000,29.8184,0.0000,0.0000
3.5700,1,0.0000,4.9050,8.4957,0.0000,0.0000,0.0000,0.5205,0.0000,0.0000,29.8220,0.0000,0.0000
3.5800,1,0.0000,4.9050,8.4957,0.0000,0.0000,0.0000,0.5206,0.0000,0.0000,29.8256,0.0000,0.0000
3.5900,1,0.0000,4.9050,8.4957,0.0000,0.0000,0.0000,0.5206,0.0000,0.0000,29.8290,0.0000,0.0000
3.6000,1,0.0000,4.9050,8.4957,0.0000,0.0000,0.0000,0.5207,0.0000,0.0000,29.8325,0.0000,0.0000
3.6100,1,0.0000,4.9050,8.4957,0.0000,0.0000,0.0000,0.5207,0.0000,0.0000,29.8358,0.0000,0.0000
3.6200,1,0.0000,4.9050,8.4957,0.0000,0.0000,0.0000,0.5208,0.0000,0.0000,29.8391,0.0000,0.0000
3.6300,1,0.0000,4.9050,8.4957,0.0000,0.0000,0.0000,0.5208,0.0000,0.0000,29.8423,0.0000,0.0000
3.6400,1,0.0000,4.9050,8.4957,0.0000,0.0000,0.0000,0.5209,0.0000,0.0000,29.8455,0.0000,0.0000
3.6500,1,0.0000,4.9050,8.4957,0.0000,0.0000,0.0000,0.5210,0.0000,0.0000,29.8486,0.0000,0.0000
3.6600,1,0.0000,4.9050,8.4957,0.0000,0.0000,0.0000,0.5210,0.0000,0.0000,29.8516,0.0000,0.0000
3.6700,1,0.0000,4.9050,8.4957,0.0000,0.0000,0.0000,0.5211,0.0000,0.0000,29.8546,0.0000,0.0000
3.6800,1,0.0000,4.9050,8.4957,0.0000,0.0000,0.0000,0.5211,0.0000,0.0000,29.8575,0.0000,0.0000
3.6900,1,0.0000,4.9050,8.4957,0.0000,0.0000,0.0000,0.5212,0.0000,0.0000,29.8603,0.0000,0.0000
3.7000,1,0.0000,4.9050,8.4957,0.0000,0.0000,0.0000,0.5212,0.0000,0.0000,29.8631,0.0000,0.0000
3.7100,1,0.0000,4.9050,8.4957,0.0000,0.0000,0.0000,0.5213,0.0000,0.0000,29.8659,0.0000,0.0000
3.7200,1,0.0000,4.9050,8.4957,0.0000,0.0000,0.0000,0.5213,0.0000,0.0000,29.8686,0.0000,0.0000
3.7300,1,0.0000,4.9050,8.4957,0.0000,0.0000,0.0000,0.5214,0.0000,0.0000,29.8712,0.0000,0.0000
3.7400,1,0.0000,4.9050,8.4957,0.0000,0.0000,0.0000,0.5214,0.0000,0.0000,29.8738,0.0000,0.0000
3.7500,1,0.0000,4.9050,8.4957,0.0000,0.0000,0.0000,0.5214,0.0000,0.0000,29.8763,0.0000,0.0000
3.7600,1,0.0000,4.9050,8.4957,0.0000,0.0000,0.0000,0.5215,0.0000,0.0000,29.8788,0.0000,0.0000
3.7700,1,0.0000,4.9050,8.4957,0.0000,0.0000,0.0000,0.5215,0.0000,0.0000,29.8812,0.0000,0.0000
3.7800,1,0.0000,4.9050,8.4957,0.0000,0.0000,0.0000,0.5216,0.0000,0.0000,29.8836,0.0000,0.0000
3.7900,1,0.0000,4.9050,8.4957,0.0000,0.0000,0.0000,0.5216,0.0000,0.0000,29.8859,0.0000,0.0000
3.8000,1,0.0000,4.9050,8.4957,0.0000,0.0000,0.0000,0.5216,0.0000,0.0000,29.8882,0.0000,0.0000
3.8100,1,0.0000,4.9050,8.4957,0.0000,0.0000,0.0000,0.5217,0.0000,0.0000,29.8904,0.0000,0.0000
3.8200,1,0.0000,4.9050,8.4957,0.0000,0.0000,0.0000,0.5217,0.0000,0.0000,29.8926,0.0000,0.0000
3.8300,1,0.0000,4.9050,8.4957,0.0000,0.0000,0.0000,0.5218,0.0000,0.0000,29.8948,0.0000,0.0000
3.8400,1,0.0000,4.9050,8.4957,0.0000,0.0000,0.0000,0.5218,0.0000,0.0000,29.8969,0.0000,0.0000
3.8500,1,0.0000,4.9050,8.4957,0.0000,0.0000,0.0000,0.5218,0.0000,0.0000,29.8989,0.0000,0.0000
3.8600,1,0.0000,4.9050,8.4957,0.0000,0.0000,0.0000,0.5219,0.0000,0.0000,29.9010,0.0000,0.0000
3.8700,1,0.0000,4.9050,8.4957,0.0000,0.0000,0.0000,0.5219,0.0000,0.0000,29.9029,0.0000,0.0000
3.8800,1,0.0000,4.9050,8.4957,0.0000,0.0000,0.0000,0.5219,0.0000,0.0000,29.9049,0.0000,0.0000
3.8900,1,0.0000,4.9050,8.4957,0.0000,0.0000,0.0000,0.5220,0.0000,0.0000,29.9068,0.0000,0.0000
3.9000,1,0.0000,4.9050,8.4957,0.0000,0.0000,0.0000,0.5220,0.0000,0.0000,29.9087,0.0000,0.0000
3.9100,1,0.0000,4.9050,8.4957,0.0000,0.0000,0.0000,0.5220,0.0000,0.0000,29.9105,0.0000,0.0000
3.9200,1,0.0000,4.9050,8.4957,0.0000,0.0000,0.0000,0.5221,0.0000,0.0000,29.9123,0.0000,0.0000
3.9300,1,0.0000,4.9050,8.4957,0.0000,0.0000,0.0000,0.5221,0.0000,0.0000,29.9140,0.0000,0.0000
3.9400,1,0.0000,4.9050,8.4957,0.0000,0.0000,0.0000,0.5221,0.0000,0.0000,29.9158,0.0000,0.0000
3.9500,1,0.0000,4.9050,8.4957,0.0000,0.0000,0.0000,0.5222,0.0000,0.0000,29.9174,0.0000,0.0000
3.9600,1,0.0000,4.9050,8.4957,0.0000,0.0000,0.0000,0.5222,0.0000,0.0000,29.9191,0.0000,0.0000
3.9700,1,0.0000,4.9050,8.4957,0.0000,0.0000,0.0000,0.5222,0.0000,0.0000,29.9207,0.0000,0.0000
3.9800,1,0.0000,4.9050,8.4957,0.0000,0.0000,0.0000,0.5222,0.0000,0.0000,29.9223,0.0000,0.0000
3.9900,1,0.0000,4.9050,8.4957,0.0000,0.0000,0.0000,0.5223,0.0000,0.0000,29.9239,0.0000,0.0000
4.0000,2,-3.3552,0.0000,9.2184,0.0000,0.3491,0.0000,0.0000,0.0104,0.0000,0.0000,0.5960,0.0000
4.0100,2,-3.3552,0.0000,9.2184,0.0000,0.3491,0.0000,0.0000,0.0206,0.0000,0.0000,1.1801,0.0000
4.0200,2,-3.3552,0.0000,9.2184,0.0000,0.3491,0.0000,0.0000,0.0306,0.0000,0.0000,1.7525,0.0000
4.0300,2,-3.3552,0.0000,9.2184,0.0000,0.3491,0.0000,0.0000,0.0404,0.0000,0.0000,2.3134,0.0000
4.0400,2,-3.3552,0.0000,9.2184,0.0000,0.3491,0.0000,0.0000,0.0500,0.0000,0.0000,2.8632,0.0000
4.0500,2,-3.3552,0.0000,9.2184,0.0000,0.3491,0.0000,0.0000,0.0594,0.0000,0.0000,3.4019,0.0000
4.0600,2,-3.3552,0.0000,9.2184,0.0000,0.3491,0.0000,0.0000,0.0686,0.0000,0.0000,3.9299,0.0000
4.0700,2,-3.3552,0.0000,9.2184,0.0000,0.3491,0.0000,0.0000,0.0776,0.0000,0.0000,4.4473,0.0000
4.0800,2,-3.3552,0.0000,9.2184,0.0000,0.3491,0.0000,0.0000,0.0865,0.0000,0.0000,4.9543,0.0000
4.0900,2,-3.3552,0.0000,9.2184,0.0000,0.3491,0.0000,0.0000,0.0951,0.0000,0.0000,5.4512,0.0000
4.1000,2,-3.3552,0.0000,9.2184,0.0000,0.3491,0.0000,0.0000,0.1036,0.0000,0.0000,5.9382,0.0000
4.1100,2,-3.3552,0.0000,9.2184,0.0000,0.3491,0.0000,0.0000,0.1120,0.0000,0.0000,6.4154,0.0000
4.1200,2,-3.3552,0.0000,9.2184,0.0000,0.3491,0.0000,0.0000,0.1201,0.0000,0.0000,6.8831,0.0000
4.1300,2,-3.3552,0.0000,9.2184,0.0000,0.3491,0.0000,0.0000,0.1281,0.0000,0.0000,7.3415,0.0000
4.1400,2,-3.3552,0.0000,9.2184,0.0000,0.3491,0.0000,0.0000,0.1360,0.0000,0.0000,7.7906,0.0000
4.1500,2,-3.3552,0.0000,9.2184,0.0000,0.3491,0.0000,0.0000,0.1437,0.0000,0.0000,8.2308,0.0000
4.1600,2,-3.3552,0.0000,9.2184,0.0000,0.3491,0.0000,0.0000,0.1512,0.0000,0.0000,8.6622,0.0000
4.1700,2,-3.3552,0.0000,9.2184,0.0000,0.3491,0.0000,0.0000,0.1586,0.0000,0.0000,9.0850,0.0000
4.1800,2,-3.3552,0.0000,9.2184,0.0000,0.3491,0.0000,0.0000,0.1658,0.0000,0.0000,9.4993,0.0000
4.1900,2,-3.3552,0.0000,9.2184,0.0000,0.3491,0.0000,0.0000,0.1729,0.0000,0.0000,9.9053,0.0000
4.2000,2,-3.3552,0.0000,9.2184,0.0000,0.3491,0.0000,0.0000,0.1798,0.0000,0.0000,10.3032,0.0000
4.2100,2,-3.3552,0.0000,9.2184,0.0000,0.3491,0.0000,0.0000,0.1866,0.0000,0.0000,10.6931,0.0000
4.2200,2,-3.3552,0.0000,9.2184,0.0000,0.3491,0.0000,0.0000,0.1933,0.0000,0.0000,11.0752,0.0000
4.2300,2,-3.3552,0.0000,9.2184,0.0000,0.3491,0.0000,0.0000,0.1998,0.0000,0.0000,11.4497,0.0000
4.2400,2,-3.3552,0.0000,9.2184,0.0000,0.3491,0.0000,0.0000,0.2062,0.0000,0.0000,11.8167,0.0000
4.2500,2,-3.3552,0.0000,9.2184,0.0000,0.3491,0.0000,0.0000,0.2125,0.0000,0.0000,12.1764,0.0000
4.2600,2,-3.3552,0.0000,9.2184,0.0000,0.3491,0.0000,0.0000,0.2187,0.0000,0.0000,12.5289,0.0000
4.2700,2,-3.3552,0.0000,9.2184,0.0000,0.3491,0.0000,0.0000,0.2247,0.0000,0.0000,12.8743,0.0000
4.2800,2,-3.3552,0.0000,9.2184,0.0000,0.3491,0.0000,0.0000,0.2306,0.0000,0.0000,13.2128,0.0000
4.2900,2,-3.3552,0.0000,9.2184,0.0000,0.3491,0.0000,0.0000,0.2364,0.0000,0.0000,13.5446,0.0000
4.3000,2,-3.3552,0.0000,9.2184,0.0000,0.3491,0.0000,0.0000,0.2421,0.0000,0.0000,13.8697,0.0000
4.3100,2,-3.3552,0.0000,9.2184,0.0000,0.3491,0.0000,0.0000,0.2476,0.0000,0.0000,14.1883,0.0000
4.3200,2,-3.3552,0.0000,9.2184,0.0000,0.3491,0.0000,0.0000,0.2531,0.0000,0.0000,14.5005,0.0000
4.3300,2,-3.3552,0.0000,9.2184,0.0000,0.3491,0.0000,0.0000,0.2584,0.0000,0.0000,14.8065,0.0000
4.3400,2,-3.3552,0.0000,9.2184,0.0000,0.3491,0.0000,0.0000,0.2637,0.0000,0.0000,15.1064,0.0000
4.3500,2,-3.3552,0.0000,9.2184,0.0000,0.3491,0.0000,0.0000,0.2688,0.0000,0.0000,15.4002,0.0000
4.3600,2,-3.3552,0.0000,9.2184,0.0000,0.3491,0.0000,0.0000,0.2738,0.0000,0.0000,15.6882,0.0000
4.3700,2,-3.3552,0.0000,9.2184,0.0000,0.3491,0.0000,0.0000,0.2787,0.0000,0.0000,15.9705,0.0000
4.3800,2,-3.3552,0.0000,9.2184,0.0000,0.3491,0.0000,0.0000,0.2836,0.0000,0.0000,16.2471,0.0000
4.3900,2,-3.3552,0.0000,9.2184,0.0000,0.3491,0.0000,0.0000,0.2883,0.0000,0.0000,16.5181,0.0000
4.4000,2,-3.3552,0.0000,9.2184,0.0000,0.3491,0.0000,0.0000,0.2929,0.0000,0.0000,16.7838,0.0000
4.4100,2,-3.3552,0.0000,9.2184,0.0000,0.3491,0.0000,0.0000,0.2975,0.0000,0.0000,17.0441,0.0000
4.4200,2,-3.3552,0.0000,9.2184,0.0000,0.3491,0.0000,0.0000,0.3019,0.0000,0.0000,17.2992,0.0000
4.4300,2,-3.3552,0.0000,9.2184,0.0000,0.3491,0.0000,0.0000,0.3063,0.0000,0.0000,17.5492,0.0000
4.4400,2,-3.3552,0.0000,9.2184,0.0000,0.3491,0.0000,0.0000,0.3106,0.0000,0.0000,17.7942,0.0000
4.4500,2,-3.3552,0.0000,9.2184,0.0000,0.3491,0.0000,0.0000,0.3148,0.0000,0.0000,18.0343,0.0000
4.4600,2,-3.3552,0.0000,9.2184,0.0000,0.3491,0.0000,0.0000,0.3189,0.0000,0.0000,18.2697,0.0000
4.4700,2,-3.3552,0.0000,9.2184,0.0000,0.3491,0.0000,0.0000,0.3229,0.0000,0.0000,18.5003,0.0000
4.4800,2,-3.3552,0.0000,9.2184,0.0000,0.3491,0.0000,0.0000,0.3268,0.0000,0.0000,18.7263,0.0000
4.4900,2,-3.3552,0.0000,9.2184,0.0000,0.3491,0.0000,0.0000,0.3307,0.0000,0.0000,18.9477,0.0000
4.5000,2,-3.3552,0.0000,9.2184,0.0000,0.0000,0.0000,0.0000,0.3311,0.0000,0.0000,18.9688,0.0000
4.5100,2,-3.3552,0.0000,9.2184,0.0000,0.0000,0.0000,0.0000,0.3314,0.0000,0.0000,18.9894,0.0000
4.5200,2,-3.3552,0.0000,9.2184,0.0000,0.0000,0.0000,0.0000,0.3318,0.0000,0.0000,19.0096,0.0000
4.5300,2,-3.3552,0.0000,9.2184,0.0000,0.0000,0.0000,0.0000,0.3321,0.0000,0.0000,19.0294,0.0000
4.5400,2,-3.3552,0.0000,9.2184,0.0000,0.0000,0.0000,0.0000,0.3325,0.0000,0.0000,19.0488,0.0000
4.5500,2,-3.3552,0.0000,9.2184,0.0000,0.0000,0.0000,0.0000,0.3328,0.0000,0.0000,19.0679,0.0000
4.5600,2,-3.3552,0.0000,9.2184,0.0000,0.0000,0.0000,0.0000,0.3331,0.0000,0.0000,19.0865,0.0000
4.5700,2,-3.3552,0.0000,9.2184,0.0000,0.0000,0.0000,0.0000,0.3334,0.0000,0.0000,19.1048,0.0000
4.5800,2,-3.3552,0.0000,9.2184,0.0000,0.0000,0.0000,0.0000,0.3338,0.0000,0.0000,19.1227,0.0000
4.5900,2,-3.3552,0.0000,9.2184,0.0000,0.0000,0.0000,0.0000,0.3341,0.0000,0.0000,19.1402,0.0000
4.6000,2,-3.3552,0.0000,9.2184,0.0000,0.0000,0.0000,0.0000,0.3344,0.0000,0.0000,19.1574,0.0000
4.6100,2,-3.3552,0.0000,9.2184,0.0000,0.0000,0.0000,0.0000,0.3347,0.0000,0.0000,19.1743,0.0000
4.6200,2,-3.3552,0.0000,9.2184,0.0000,0.0000,0.0000,0.0000,0.3349,0.0000,0.0000,19.1908,0.0000
4.6300,2,-3.3552,0.0000,9.2184,0.0000,0.0000,0.0000,0.0000,0.3352,0.0000,0.0000,19.2070,0.0000
4.6400,2,-3.3552,0.0000,9.2184,0.0000,0.0000,0.0000,0.0000,0.3355,0.0000,0.0000,19.2228,0.0000
4.6500,2,-3.3552,0.0000,9.2184,0.0000,0.0000,0.0000,0.0000,0.3358,0.0000,0.0000,19.2384,0.0000
4.6600,2,-3.3552,0.0000,9.2184,0.0000,0.0000,0.0000,0.0000,0.3360,0.0000,0.0000,19.2536,0.0000
4.6700,2,-3.3552,0.0000,9.2184,0.0000,0.0000,0.0000,0.0000,0.3363,0.0000,0.0000,19.2685,0.0000
4.6800,2,-3.3552,0.0000,9.2184,0.0000,0.0000,0.0000,0.0000,0.3366,0.0000,0.0000,19.2832,0.0000
4.6900,2,-3.3552,0.0000,9.2184,0.0000,0.0000,0.0000,0.0000,0.3368,0.0000,0.0000,19.2975,0.0000
4.7000,2,-3.3552,0.0000,9.2184,0.0000,0.0000,0.0000,0.0000,0.3371,0.0000,0.0000,19.3116,0.0000
4.7100,2,-3.3552,0.0000,9.2184,0.0000,0.0000,0.0000,0.0000,0.3373,0.0000,0.0000,19.3253,0.0000
4.7200,2,-3.3552,0.0000,9.2184,0.0000,0.0000,0.0000,0.0000,0.3375,0.0000,0.0000,19.3388,0.0000
4.7300,2,-3.3552,0.0000,9.2184,0.0000,0.0000,0.0000,0.0000,0.3378,0.0000,0.0000,19.3520,0.0000
4.7400,2,-3.3552,0.0000,9.2184,0.0000,0.0000,0.0000,0.0000,0.3380,0.0000,0.0000,19.3650,0.0000
4.7500,2,-3.3552,0.0000,9.2184,0.0000,0.0000,0.0000,0.0000,0.3382,0.0000,0.0000,19.3777,0.0000
4.7600,2,-3.3552,0.0000,9.2184,0.0000,0.0000,0.0000,0.0000,0.3384,0.0000,0.0000,19.3901,0.0000
4.7700,2,-3.3552,0.0000,9.2184,0.0000,0.0000,0.0000,0.0000,0.3386,0.0000,0.0000,19.4023,0.0000
4.7800,2,-3.3552,0.0000,9.2184,0.0000,0.0000,0.0000,0.0000,0.3388,0.0000,0.0000,19.4143,0.0000
4.7900,2,-3.3552,0.0000,9.2184,0.0000,0.0000,0.0000,0.0000,0.3390,0.0000,0.0000,19.4260,0.0000
4.8000,2,-3.3552,0.0000,9.2184,0.0000,0.0000,0.0000,0.0000,0.3392,0.0000,0.0000,19.4375,0.0000
4.8100,2,-3.3552,0.0000,9.2184,0.0000,0.0000,0.0000,0.0000,0.3394,0.0000,0.0000,19.4487,0.0000
4.8200,2,-3.3552,0.0000,9.2184,0.0000,0.0000,0.0000,0.0000,0.3396,0.0000,0.0000,19.4598,0.0000
4.8300,2,-3.3552,0.0000,9.2184,0.0000,0.0000,0.0000,0.0000,0.3398,0.0000,0.0000,19.4706,0.0000
4.8400,2,-3.3552,0.0000,9.2184,0.0000,0.0000,0.0000,0.0000,0.3400,0.0000,0.0000,19.4812,0.0000
4.8500,2,-3.3552,0.0000,9.2184,0.0000,0.0000,0.0000,0.0000,0.3402,0.0000,0.0000,19.4915,0.0000
4.8600,2,-3.3552,0.0000,9.2184,0.0000,0.0000,0.0000,0.0000,0.3404,0.0000,0.0000,19.5017,0.0000
4.8700,2,-3.3552,0.0000,9.2184,0.0000,0.0000,0.0000,0.0000,0.3405,0.0000,0.0000,19.5117,0.0000
4.8800,2,-3.3552,0.0000,9.2184,0.0000,0.0000,0.0000,0.0000,0.3407,0.0000,0.0000,19.5214,0.0000
4.8900,2,-3.3552,0.0000,9.2184,0.0000,0.0000,0.0000,0.0000,0.3409,0.0000,0.0000,19.5310,0.0000
4.9000,2,-3.3552,0.0000,9.2184,0.0000,0.0000,0.0000,0.0000,0.3410,0.0000,0.0000,19.5404,0.0000
4.9100,2,-3.3552,0.0000,9.2184,0.0000,0.0000,0.0000,0.0000,0.3412,0.0000,0.0000,19.5496,0.0000
4.9200,2,-3.3552,0.0000,9.2184,0.0000,0.0000,0.0000,0.0000,0.3414,0.0000,0.0000,19.5586,0.0000
4.9300,2,-3.3552,0.0000,9.2184,0.0000,0.0000,0.0000,0.0000,0.3415,0.0000,0.0000,19.5674,0.0000
4.9400,2,-3.3552,0.0000,9.2184,0.0000,0.0000,0.0000,0.0000,0.3417,0.0000,0.0000,19.5761,0.0000
4.9500,2,-3.3552,0.0000,9.2184,0.0000,0.0000,0.0000,0.0000,0.3418,0.0000,0.0000,19.5845,0.0000
4.9600,2,-3.3552,0.0000,9.2184,0.0000,0.0000,0.0000,0.0000,0.3420,0.0000,0.0000,19.5929,0.0000
4.9700,2,-3.3552,0.0000,9.2184,0.0000,0.0000,0.0000,0.0000,0.3421,0.0000,0.0000,19.6010,0.0000
4.9800,2,-3.3552,0.0000,9.2184,0.0000,0.0000,0.0000,0.0000,0.3422,0.0000,0.0000,19.6090,0.0000
4.9900,2,-3.3552,0.0000,9.2184,0.0000,0.0000,0.0000,0.0000,0.3424,0.0000,0.0000,19.6168,0.0000
5.0000,2,-3.3552,0.0000,9.2184,0.0000,0.0000,0.0000,0.0000,0.3425,0.0000,0.0000,19.6245,0.0000
5.0100,2,-3.3552,0.0000,9.2184,0.0000,0.0000,0.0000,0.0000,0.3426,0.0000,0.0000,19.6320,0.0000
5.0200,2,-3.3552,0.0000,9.2184,0.0000,0.0000,0.0000,0.0000,0.3428,0.0000,0.0000,19.6393,0.0000
5.0300,2,-3.3552,0.0000,9.2184,0.0000,0.0000,0.0000,0.0000,0.3429,0.0000,0.0000,19.6465,0.0000
5.0400,2,-3.3552,0.0000,9.2184,0.0000,0.0000,0.0000,0.0000,0.3430,0.0000,0.0000,19.6536,0.0000
5.0500,2,-3.3552,0.0000,9.2184,0.0000,0.0000,0.0000,0.0000,0.3431,0.0000,0.0000,19.6605,0.0000
5.0600,2,-3.3552,0.0000,9.2184,0.0000,0.0000,0.0000,0.0000,0.3433,0.0000,0.0000,19.6673,0.0000
5.0700,2,-3.3552,0.0000,9.2184,0.0000,0.0000,0.0000,0.0000,0.3434,0.0000,0.0000,19.6740,0.0000
5.0800,2,-3.3552,0.0000,9.2184,0.0000,0.0000,0.0000,0.0000,0.3435,0.0000,0.0000,19.6805,0.0000
5.0900,2,-3.3552,0.0000,9.2184,0.0000,0.0000,0.0000,0.0000,0.3436,0.0000,0.0000,19.6869,0.0000
5.1000,2,-3.3552,0.0000,9.2184,0.0000,0.0000,0.0000,0.0000,0.3437,0.0000,0.0000,19.6932,0.0000
5.1100,2,-3.3552,0.0000,9.2184,0.0000,0.0000,0.0000,0.0000,0.3438,0.0000,0.0000,19.6993,0.0000
5.1200,2,-3.3552,0.0000,9.2184,0.0000,0.0000,0.0000,0.0000,0.3439,0.0000,0.0000,19.7053,0.0000
5.1300,2,-3.3552,0.0000,9.2184,0.0000,0.0000,0.0000,0.0000,0.3440,0.0000,0.0000,19.7112,0.0000
5.1400,2,-3.3552,0.0000,9.2184,0.0000,0.0000,0.0000,0.0000,0.3441,0.0000,0.0000,19.7170,0.0000
5.1500,2,-3.3552,0.0000,9.2184,0.0000,0.0000,0.0000,0.0000,0.3442,0.0000,0.0000,19.7226,0.0000
5.1600,2,-3.3552,0.0000,9.2184,0.0000,0.0000,0.0000,0.0000,0.3443,0.0000,0.0000,19.7282,0.0000
5.1700,2,-3.3552,0.0000,9.2184,0.0000,0.0000,0.0000,0.0000,0.3444,0.0000,0.0000,19.7336,0.0000
5.1800,2,-3.3552,0.0000,9.2184,0.0000,0.0000,0.0000,0.0000,0.3445,0.0000,0.0000,19.7390,0.0000
5.1900,2,-3.3552,0.0000,9.2184,0.0000,0.0000,0.0000,0.0000,0.3446,0.0000,0.0000,19.7442,0.0000
5.2000,2,-3.3552,0.0000,9.2184,0.0000,0.0000,0.0000,0.0000,0.3447,0.0000,0.0000,19.7493,0.0000
5.2100,2,-3.3552,0.0000,9.2184,0.0000,0.0000,0.0000,0.0000,0.3448,0.0000,0.0000,19.7543,0.0000
5.2200,2,-3.3552,0.0000,9.2184,0.0000,0.0000,0.0000,0.0000,0.3449,0.0000,0.0000,19.7592,0.0000
5.2300,2,-3.3552,0.0000,9.2184,0.0000,0.0000,0.0000,0.0000,0.3449,0.0000,0.0000,19.7640,0.0000
5.2400,2,-3.3552,0.0000,9.2184,0.0000,0.0000,0.0000,0.0000,0.3450,0.0000,0.0000,19.7688,0.0000
5.2500,2,-3.3552,0.0000,9.2184,0.0000,0.0000,0.0000,0.0000,0.3451,0.0000,0.0000,19.7734,0.0000
5.2600,2,-3.3552,0.0000,9.2184,0.0000,0.0000,0.0000,0.0000,0.3452,0.0000,0.0000,19.7779,0.0000
5.2700,2,-3.3552,0.0000,9.2184,0.0000,0.0000,0.0000,0.0000,0.3453,0.0000,0.0000,19.7824,0.0000
5.2800,2,-3.3552,0.0000,9.2184,0.0000,0.0000,0.0000,0.0000,0.3453,0.0000,0.0000,19.7867,0.0000
5.2900,2,-3.3552,0.0000,9.2184,0.0000,0.0000,0.0000,0.0000,0.3454,0.0000,0.0000,19.7910,0.0000
5.3000,2,-3.3552,0.0000,9.2184,0.0000,0.0000,0.0000,0.0000,0.3455,0.0000,0.0000,19.7952,0.0000
5.3100,2,-3.3552,0.0000,9.2184,0.0000,0.0000,0.0000,0.0000,0.3456,0.0000,0.0000,19.7992,0.0000
5.3200,2,-3.3552,0.0000,9.2184,0.0000,0.0000,0.0000,0.0000,0.3456,0.0000,0.0000,19.8033,0.0000
5.3300,2,-3.3552,0.0000,9.2184,0.0000,0.0000,0.0000,0.0000,0.3457,0.0000,0.0000,19.8072,0.0000
5.3400,2,-3.3552,0.0000,9.2184,0.0000,0.0000,0.0000,0.0000,0.3458,0.0000,0.0000,19.8111,0.0000
5.3500,2,-3.3552,0.0000,9.2184,0.0000,0.0000,0.0000,0.0000,0.3458,0.0000,0.0000,19.8148,0.0000
5.3600,2,-3.3552,0.0000,9.2184,0.0000,0.0000,0.0000,0.0000,0.3459,0.0000,0.0000,19.8185,0.0000
5.3700,2,-3.3552,0.0000,9.2184,0.0000,0.0000,0.0000,0.0000,0.3460,0.0000,0.0000,19.8222,0.0000
5.3800,2,-3.3552,0.0000,9.2184,0.0000,0.0000,0.0000,0.0000,0.3460,0.0000,0.0000,19.8257,0.0000
5.3900,2,-3.3552,0.0000,9.2184,0.0000,0.0000,0.0000,0.0000,0.3461,0.0000,0.0000,19.8292,0.0000
5.4000,2,-3.3552,0.0000,9.2184,0.0000,0.0000,0.0000,0.0000,0.3461,0.0000,0.0000,19.8326,0.0000
5.4100,2,-3.3552,0.0000,9.2184,0.0000,0.0000,0.0000,0.0000,0.3462,0.0000,0.0000,19.8360,0.0000
5.4200,2,-3.3552,0.0000,9.2184,0.0000,0.0000,0.0000,0.0000,0.3463,0.0000,0.0000,19.8393,0.0000
5.4300,2,-3.3552,0.0000,9.2184,0.0000,0.0000,0.0000,0.0000,0.3463,0.0000,0.0000,19.8425,0.0000
5.4400,2,-3.3552,0.0000,9.2184,0.0000,0.0000,0.0000,0.0000,0.3464,0.0000,0.0000,19.8456,0.0000
5.4500,2,-3.3552,0.0000,9.2184,0.0000,0.0000,0.0000,0.0000,0.3464,0.0000,0.0000,19.8487,0.0000
5.4600,2,-3.3552,0.0000,9.2184,0.0000,0.0000,0.0000,0.0000,0.3465,0.0000,0.0000,19.8517,0.0000
5.4700,2,-3.3552,0.0000,9.2184,0.0000,0.0000,0.0000,0.0000,0.3465,0.0000,0.0000,19.8547,0.0000
5.4800,2,-3.3552,0.0000,9.2184,0.0000,0.0000,0.0000,0.0000,0.3466,0.0000,0.0000,19.8576,0.0000
5.4900,2,-3.3552,0.0000,9.2184,0.0000,0.0000,0.0000,0.0000,0.3466,0.0000,0.0000,19.8605,0.0000
5.5000,2,-3.3552,0.0000,9.2184,0.0000,0.0000,0.0000,0.0000,0.3467,0.0000,0.0000,19.8632,0.0000
5.5100,2,-3.3552,0.0000,9.2184,0.0000,0.0000,0.0000,0.0000,0.3467,0.0000,0.0000,19.8660,0.0000
5.5200,2,-3.3552,0.0000,9.2184,0.0000,0.0000,0.0000,0.0000,0.3468,0.0000,0.0000,19.8687,0.0000
5.5300,2,-3.3552,0.0000,9.2184,0.0000,0.0000,0.0000,0.0000,0.3468,0.0000,0.0000,19.8713,0.0000
5.5400,2,-3.3552,0.0000,9.2184,0.0000,0.0000,0.0000,0.0000,0.3469,0.0000,0.0000,19.8739,0.0000
5.5500,2,-3.3552,0.0000,9.2184,0.0000,0.0000,0.0000,0.0000,0.3469,0.0000,0.0000,19.8764,0.0000
5.5600,2,-3.3552,0.0000,9.2184,0.0000,0.0000,0.0000,0.0000,0.3470,0.0000,0.0000,19.8789,0.0000
5.5700,2,-3.3552,0.0000,9.2184,0.0000,0.0000,0.0000,0.0000,0.3470,0.0000,0.0000,19.8813,0.0000
5.5800,2,-3.3552,0.0000,9.2184,0.0000,0.0000,0.0000,0.0000,0.3470,0.0000,0.0000,19.8837,0.0000
5.5900,2,-3.3552,0.0000,9.2184,0.0000,0.0000,0.0000,0.0000,0.3471,0.0000,0.0000,19.8860,0.0000
5.6000,2,-3.3552,0.0000,9.2184,0.0000,0.0000,0.0000,0.0000,0.3471,0.0000,0.0000,19.8883,0.0000
5.6100,2,-3.3552,0.0000,9.2184,0.0000,0.0000,0.0000,0.0000,0.3472,0.0000,0.0000,19.8905,0.0000
5.6200,2,-3.3552,0.0000,9.2184,0.0000,0.0000,0.0000,0.0000,0.3472,0.0000,0.0000,19.8927,0.0000
5.6300,2,-3.3552,0.0000,9.2184,0.0000,0.0000,0.0000,0.0000,0.3472,0.0000,0.0000,19.8948,0.0000
5.6400,2,-3.3552,0.0000,9.2184,0.0000,0.0000,0.0000,0.0000,0.3473,0.0000,0.0000,19.8969,0.0000
5.6500,2,-3.3552,0.0000,9.2184,0.0000,0.0000,0.0000,0.0000,0.3473,0.0000,0.0000,19.8990,0.0000
5.6600,2,-3.3552,0.0000,9.2184,0.0000,0.0000,0.0000,0.0000,0.3473,0.0000,0.0000,19.9010,0.0000
5.6700,2,-3.3552,0.0000,9.2184,0.0000,0.0000,0.0000,0.0000,0.3474,0.0000,0.0000,19.9030,0.0000
5.6800,2,-3.3552,0.0000,9.2184,0.0000,0.0000,0.0000,0.0000,0.3474,0.0000,0.0000,19.9049,0.0000
5.6900,2,-3.3552,0.0000,9.2184,0.0000,0.0000,0.0000,0.0000,0.3474,0.0000,0.0000,19.9068,0.0000
5.7000,2,-3.3552,0.0000,9.2184,0.0000,0.0000,0.0000,0.0000,0.3475,0.0000,0.0000,19.9087,0.0000
5.7100,2,-3.3552,0.0000,9.2184,0.0000,0.0000,0.0000,0.0000,0.3475,0.0000,0.0000,19.9105,0.0000
5.7200,2,-3.3552,0.0000,9.2184,0.0000,0.0000,0.0000,0.0000,0.3475,0.0000,0.0000,19.9123,0.0000
5.7300,2,-3.3552,0.0000,9.2184,0.0000,0.0000,0.0000,0.0000,0.3476,0.0000,0.0000,19.9141,0.0000
5.7400,2,-3.3552,0.0000,9.2184,0.0000,0.0000,0.0000,0.0000,0.3476,0.0000,0.0000,19.9158,0.0000
5.7500,2,-3.3552,0.0000,9.2184,0.0000,0.0000,0.0000,0.0000,0.3476,0.0000,0.0000,19.9175,0.0000
5.7600,2,-3.3552,0.0000,9.2184,0.0000,0.0000,0.0000,0.0000,0.3477,0.0000,0.0000,19.9191,0.0000
5.7700,2,-3.3552,0.0000,9.2184,0.0000,0.0000,0.0000,0.0000,0.3477,0.0000,0.0000,19.9207,0.0000
5.7800,2,-3.3552,0.0000,9.2184,0.0000,0.0000,0.0000,0.0000,0.3477,0.0000,0.0000,19.9223,0.0000
5.7900,2,-3.3552,0.0000,9.2184,0.0000,0.0000,0.0000,0.0000,0.3477,0.0000,0.0000,19.9239,0.0000
5.8000,2,-3.3552,0.0000,9.2184,0.0000,0.0000,0.0000,0.0000,0.3478,0.0000,0.0000,19.9254,0.0000
5.8100,2,-3.3552,0.0000,9.2184,0.0000,0.0000,0.0000,0.0000,0.3478,0.0000,0.0000,19.9269,0.0000
5.8200,2,-3.3552,0.0000,9.2184,0.0000,0.0000,0.0000,0.0000,0.3478,0.0000,0.0000,19.9284,0.0000
5.8300,2,-3.3552,0.0000,9.2184,0.0000,0.0000,0.0000,0.0000,0.3478,0.0000,0.0000,19.9298,0.0000
5.8400,2,-3.3552,0.0000,9.2184,0.0000,0.0000,0.0000,0.0000,0.3479,0.0000,0.0000,19.9312,0.0000
5.8500,2,-3.3552,0.0000,9.2184,0.0000,0.0000,0.0000,0.0000,0.3479,0.0000,0.0000,19.9326,0.0000
5.8600,2,-3.3552,0.0000,9.2184,0.0000,0.0000,0.0000,0.0000,0.3479,0.0000,0.0000,19.9339,0.0000
5.8700,2,-3.3552,0.0000,9.2184,0.0000,0.0000,0.0000,0.0000,0.3479,0.0000,0.0000,19.9352,0.0000
5.8800,2,-3.3552,0.0000,9.2184,0.0000,0.0000,0.0000,0.0000,0.3480,0.0000,0.0000,19.9365,0.0000
5.8900,2,-3.3552,0.0000,9.2184,0.0000,0.0000,0.0000,0.0000,0.3480,0.0000,0.0000,19.9378,0.0000
5.9000,2,-3.3552,0.0000,9.2184,0.0000,0.0000,0.0000,0.0000,0.3480,0.0000,0.0000,19.9391,0.0000
5.9100,2,-3.3552,0.0000,9.2184,0.0000,0.0000,0.0000,0.0000,0.3480,0.0000,0.0000,19.9403,0.0000
5.9200,2,-3.3552,0.0000,9.2184,0.0000,0.0000,0.0000,0.0000,0.3480,0.0000,0.0000,19.9415,0.0000
5.9300,2,-3.3552,0.0000,9.2184,0.0000,0.0000,0.0000,0.0000,0.3481,0.0000,0.0000,19.9426,0.0000
5.9400,2,-3.3552,0.0000,9.2184,0.0000,0.0000,0.0000,0.0000,0.3481,0.0000,0.0000,19.9438,0.0000
5.9500,2,-3.3552,0.0000,9.2184,0.0000,0.0000,0.0000,0.0000,0.3481,0.0000,0.0000,19.9449,0.0000
5.9600,2,-3.3552,0.0000,9.2184,0.0000,0.0000,0.0000,0.0000,0.3481,0.0000,0.0000,19.9460,0.0000
5.9700,2,-3.3552,0.0000,9.2184,0.0000,0.0000,0.0000,0.0000,0.3481,0.0000,0.0000,19.9471,0.0000
5.9800,2,-3.3552,0.0000,9.2184,0.0000,0.0000,0.0000,0.0000,0.3482,0.0000,0.0000,19.9482,0.0000
5.9900,2,-3.3552,0.0000,9.2184,0.0000,0.0000,0.0000,0.0000,0.3482,0.0000,0.0000,19.9492,0.0000
6.0000,3,0.0000,0.0000,9.8100,0.0500,0.0500,0.0100,0.0005,0.0005,0.0001,0.0281,0.0281,0.0057
6.0100,3,0.0031,0.0019,9.8100,0.0500,0.0500,0.0100,0.0010,0.0010,0.0002,0.0558,0.0552,0.0115
6.0200,3,0.0063,0.0038,9.8100,0.0500,0.0499,0.0100,0.0015,0.0014,0.0003,0.0832,0.0814,0.0172
6.0300,3,0.0094,0.0057,9.8100,0.0499,0.0498,0.0100,0.0019,0.0019,0.0004,0.1102,0.1066,0.0229
6.0400,3,0.0125,0.0075,9.8100,0.0499,0.0496,0.0100,0.0024,0.0023,0.0005,0.1369,0.1309,0.0286
6.0500,3,0.0156,0.0094,9.8100,0.0498,0.0494,0.0100,0.0028,0.0027,0.0006,0.1632,0.1542,0.0344
6.0600,3,0.0187,0.0113,9.8100,0.0497,0.0491,0.0100,0.0033,0.0031,0.0007,0.1891,0.1765,0.0401
6.0700,3,0.0218,0.0132,9.8100,0.0496,0.0488,0.0100,0.0037,0.0035,0.0008,0.2147,0.1978,0.0458
6.0800,3,0.0249,0.0150,9.8100,0.0494,0.0484,0.0100,0.0042,0.0038,0.0009,0.2399,0.2181,0.0516
6.0900,3,0.0279,0.0169,9.8100,0.0493,0.0480,0.0100,0.0046,0.0041,0.0010,0.2648,0.2375,0.0573
6.1000,3,0.0309,0.0187,9.8100,0.0491,0.0476,0.0100,0.0050,0.0045,0.0011,0.2893,0.2558,0.0630
6.1100,3,0.0339,0.0206,9.8100,0.0489,0.0470,0.0100,0.0055,0.0048,0.0012,0.3134,0.2731,0.0688
6.1200,3,0.0368,0.0224,9.8100,0.0487,0.0465,0.0100,0.0059,0.0051,0.0013,0.3371,0.2895,0.0745
6.1300,3,0.0397,0.0243,9.8100,0.0485,0.0459,0.0100,0.0063,0.0053,0.0014,0.3604,0.3048,0.0802
6.1400,3,0.0426,0.0261,9.8100,0.0483,0.0452,0.0100,0.0067,0.0056,0.0015,0.3833,0.3191,0.0859
6.1500,3,0.0454,0.0279,9.8100,0.0480,0.0446,0.0100,0.0071,0.0058,0.0016,0.4059,0.3325,0.0917
6.1600,3,0.0482,0.0297,9.8100,0.0477,0.0438,0.0100,0.0075,0.0060,0.0017,0.4280,0.3448,0.0974
6.1700,3,0.0509,0.0315,9.8100,0.0475,0.0430,0.0100,0.0079,0.0062,0.0018,0.4498,0.3561,0.1031
6.1800,3,0.0536,0.0333,9.8100,0.0471,0.0422,0.0100,0.0082,0.0064,0.0019,0.4712,0.3664,0.1089
6.1900,3,0.0562,0.0351,9.8100,0.0468,0.0414,0.0100,0.0086,0.0066,0.0020,0.4921,0.3758,0.1146
6.2000,3,0.0588,0.0368,9.8100,0.0465,0.0405,0.0100,0.0089,0.0067,0.0021,0.5127,0.3841,0.1203
6.2100,3,0.0613,0.0386,9.8100,0.0461,0.0395,0.0100,0.0093,0.0068,0.0022,0.5329,0.3914,0.1261
6.2200,3,0.0637,0.0403,9.8100,0.0458,0.0385,0.0100,0.0096,0.0069,0.0023,0.5526,0.3978,0.1318
6.2300,3,0.0661,0.0420,9.8100,0.0454,0.0375,0.0100,0.0100,0.0070,0.0024,0.5719,0.4032,0.1375
6.2400,3,0.0685,0.0437,9.8100,0.0450,0.0364,0.0100,0.0103,0.0071,0.0025,0.5909,0.4076,0.1432
6.2500,3,0.0707,0.0454,9.8100,0.0446,0.0354,0.0100,0.0106,0.0072,0.0026,0.6094,0.4110,0.1490
6.2600,3,0.0729,0.0471,9.8100,0.0441,0.0342,0.0100,0.0110,0.0072,0.0027,0.6274,0.4135,0.1547
6.2700,3,0.0750,0.0487,9.8100,0.0437,0.0331,0.0100,0.0113,0.0072,0.0028,0.6451,0.4150,0.1604
6.2800,3,0.0771,0.0504,9.8100,0.0432,0.0319,0.0100,0.0116,0.0073,0.0029,0.6623,0.4156,0.1662
6.2900,3,0.0790,0.0520,9.8100,0.0427,0.0306,0.0100,0.0119,0.0072,0.0030,0.6791,0.4153,0.1719
6.3000,3,0.0809,0.0536,9.8100,0.0422,0.0294,0.0100,0.0121,0.0072,0.0031,0.6955,0.4141,0.1776
6.3100,3,0.0827,0.0552,9.8100,0.0417,0.0281,0.0100,0.0124,0.0072,0.0032,0.7115,0.4119,0.1833
6.3200,3,0.0844,0.0567,9.8100,0.0412,0.0268,0.0100,0.0127,0.0071,0.0033,0.7270,0.4088,0.1891
6.3300,3,0.0861,0.0583,9.8100,0.0406,0.0255,0.0100,0.0130,0.0071,0.0034,0.7421,0.4049,0.1948
6.3400,3,0.0876,0.0598,9.8100,0.0401,0.0241,0.0100,0.0132,0.0070,0.0035,0.7567,0.4001,0.2005
6.3500,3,0.0891,0.0613,9.8100,0.0395,0.0227,0.0100,0.0135,0.0069,0.0036,0.7709,0.3944,0.2063
6.3600,3,0.0905,0.0628,9.8100,0.0389,0.0213,0.0100,0.0137,0.0068,0.0037,0.7847,0.3879,0.2120
6.3700,3,0.0918,0.0642,9.8100,0.0383,0.0199,0.0100,0.0139,0.0066,0.0038,0.7980,0.3806,0.2177
6.3800,3,0.0930,0.0657,9.8100,0.0377,0.0184,0.0100,0.0142,0.0065,0.0039,0.8109,0.3725,0.2235
6.3900,3,0.0941,0.0671,9.8100,0.0371,0.0169,0.0100,0.0144,0.0063,0.0040,0.8233,0.3635,0.2292
6.4000,3,0.0951,0.0685,9.8100,0.0364,0.0155,0.0100,0.0146,0.0062,0.0041,0.8353,0.3538,0.2349
6.4100,3,0.0960,0.0698,9.8100,0.0358,0.0139,0.0100,0.0148,0.0060,0.0042,0.8469,0.3434,0.2406
6.4200,3,0.0969,0.0712,9.8100,0.0351,0.0124,0.0100,0.0150,0.0058,0.0043,0.8580,0.3322,0.2464
6.4300,3,0.0976,0.0725,9.8100,0.0345,0.0109,0.0100,0.0152,0.0056,0.0044,0.8686,0.3202,0.2521
6.4400,3,0.0982,0.0738,9.8100,0.0338,0.0094,0.0100,0.0153,0.0054,0.0045,0.8788,0.3076,0.2578
6.4500,3,0.0988,0.0750,9.8100,0.0331,0.0078,0.0100,0.0155,0.0051,0.0046,0.8886,0.2943,0.2636
6.4600,3,0.0992,0.0762,9.8100,0.0324,0.0063,0.0100,0.0157,0.0049,0.0047,0.8979,0.2804,0.2693
6.4700,3,0.0996,0.0775,9.8100,0.0316,0.0047,0.0100,0.0158,0.0046,0.0048,0.9067,0.2658,0.2750
6.4800,3,0.0998,0.0786,9.8100,0.0309,0.0031,0.0100,0.0160,0.0044,0.0049,0.9151,0.2506,0.2807
6.4900,3,0.1000,0.0798,9.8100,0.0301,0.0016,0.0100,0.0161,0.0041,0.0050,0.9231,0.2348,0.2865
6.5000,3,0.1000,0.0809,9.8100,0.0294,0.0000,0.0100,0.0162,0.0038,0.0051,0.9306,0.2184,0.2922
6.5100,3,0.1000,0.0820,9.8100,0.0286,-0.0016,0.0100,0.0164,0.0035,0.0052,0.9376,0.2015,0.2979
6.5200,3,0.0998,0.0831,9.8100,0.0278,-0.0031,0.0100,0.0165,0.0032,0.0053,0.9442,0.1840,0.3037
6.5300,3,0.0996,0.0841,9.8100,0.0271,-0.0047,0.0100,0.0166,0.0029,0.0054,0.9503,0.1661,0.3094
6.5400,3,0.0992,0.0851,9.8100,0.0263,-0.0063,0.0100,0.0167,0.0026,0.0055,0.9560,0.1476,0.3151
6.5500,3,0.0988,0.0861,9.8100,0.0255,-0.0078,0.0100,0.0168,0.0022,0.0056,0.9612,0.1288,0.3209
6.5600,3,0.0982,0.0870,9.8100,0.0246,-0.0094,0.0100,0.0169,0.0019,0.0057,0.9660,0.1094,0.3266
6.5700,3,0.0976,0.0879,9.8100,0.0238,-0.0109,0.0100,0.0169,0.0016,0.0058,0.9703,0.0897,0.3323
6.5800,3,0.0969,0.0888,9.8100,0.0230,-0.0124,0.0100,0.0170,0.0012,0.0059,0.9742,0.0696,0.3380
6.5900,3,0.0960,0.0897,9.8100,0.0221,-0.0139,0.0100,0.0171,0.0009,0.0060,0.9776,0.0492,0.3438
6.6000,3,0.0951,0.0905,9.8100,0.0213,-0.0155,0.0100,0.0171,0.0005,0.0061,0.9806,0.0284,0.3495
6.6100,3,0.0941,0.0913,9.8100,0.0204,-0.0169,0.0100,0.0172,0.0001,0.0062,0.9831,0.0074,0.3552
6.6200,3,0.0930,0.0920,9.8100,0.0196,-0.0184,0.0100,0.0172,-0.0002,0.0063,0.9852,-0.0140,0.3610
6.6300,3,0.0918,0.0927,9.8100,0.0187,-0.0199,0.0100,0.0172,-0.0006,0.0064,0.9868,-0.0356,0.3667
6.6400,3,0.0905,0.0934,9.8100,0.0178,-0.0213,0.0100,0.0172,-0.0010,0.0065,0.9880,-0.0574,0.3724
6.6500,3,0.0891,0.0941,9.8100,0.0169,-0.0227,0.0100,0.0173,-0.0014,0.0066,0.9887,-0.0794,0.3782
6.6600,3,0.0876,0.0947,9.8100,0.0160,-0.0241,0.0100,0.0173,-0.0018,0.0067,0.9890,-0.1016,0.3839
6.6700,3,0.0861,0.0953,9.8100,0.0152,-0.0255,0.0100,0.0173,-0.0022,0.0068,0.9889,-0.1239,0.3896
6.6800,3,0.0844,0.0959,9.8100,0.0143,-0.0268,0.0100,0.0172,-0.0026,0.0069,0.9883,-0.1463,0.3953
6.6900,3,0.0827,0.0964,9.8100,0.0133,-0.0281,0.0100,0.0172,-0.0029,0.0070,0.9873,-0.1688,0.4011
6.7000,3,0.0809,0.0969,9.8100,0.0124,-0.0294,0.0100,0.0172,-0.0033,0.0071,0.9858,-0.1914,0.4068
6.7100,3,0.0790,0.0973,9.8100,0.0115,-0.0306,0.0100,0.0172,-0.0037,0.0072,0.9840,-0.2140,0.4125
6.7200,3,0.0771,0.0977,9.8100,0.0106,-0.0319,0.0100,0.0171,-0.0041,0.0073,0.9817,-0.2366,0.4183
6.7300,3,0.0750,0.0981,9.8100,0.0097,-0.0331,0.0100,0.0171,-0.0045,0.0074,0.9789,-0.2592,0.4240
6.7400,3,0.0729,0.0985,9.8100,0.0088,-0.0342,0.0100,0.0170,-0.0049,0.0075,0.9757,-0.2818,0.4297
6.7500,3,0.0707,0.0988,9.8100,0.0078,-0.0354,0.0100,0.0170,-0.0053,0.0076,0.9722,-0.3042,0.4354
6.7600,3,0.0685,0.0990,9.8100,0.0069,-0.0364,0.0100,0.0169,-0.0057,0.0077,0.9682,-0.3266,0.4412
6.7700,3,0.0661,0.0993,9.8100,0.0060,-0.0375,0.0100,0.0168,-0.0061,0.0078,0.9637,-0.3489,0.4469
6.7800,3,0.0637,0.0995,9.8100,0.0050,-0.0385,0.0100,0.0167,-0.0065,0.0079,0.9589,-0.3710,0.4526
6.7900,3,0.0613,0.0997,9.8100,0.0041,-0.0395,0.0100,0.0166,-0.0069,0.0080,0.9537,-0.3929,0.4584
6.8000,3,0.0588,0.0998,9.8100,0.0031,-0.0405,0.0100,0.0165,-0.0072,0.0081,0.9480,-0.4146,0.4641
6.8100,3,0.0562,0.0999,9.8100,0.0022,-0.0414,0.0100,0.0164,-0.0076,0.0082,0.9419,-0.4361,0.4698
6.8200,3,0.0536,0.1000,9.8100,0.0013,-0.0422,0.0100,0.0163,-0.0080,0.0083,0.9355,-0.4573,0.4756
6.8300,3,0.0509,0.1000,9.8100,0.0003,-0.0430,0.0100,0.0162,-0.0083,0.0084,0.9286,-0.4783,0.4813
6.8400,3,0.0482,0.1000,9.8100,-0.0006,-0.0438,0.0100,0.0161,-0.0087,0.0085,0.9214,-0.4990,0.4870
6.8500,3,0.0454,0.1000,9.8100,-0.0016,-0.0446,0.0100,0.0159,-0.0091,0.0086,0.9138,-0.5193,0.4927
6.8600,3,0.0426,0.0999,9.8100,-0.0025,-0.0452,0.0100,0.0158,-0.0094,0.0087,0.9057,-0.5393,0.4985
6.8700,3,0.0397,0.0998,9.8100,-0.0035,-0.0459,0.0100,0.0157,-0.0098,0.0088,0.8973,-0.5589,0.5042
6.8800,3,0.0368,0.0996,9.8100,-0.0044,-0.0465,0.0100,0.0155,-0.0101,0.0089,0.8886,-0.5781,0.5099
6.8900,3,0.0339,0.0994,9.8100,-0.0053,-0.0470,0.0100,0.0153,-0.0104,0.0090,0.8794,-0.5969,0.5157
6.9000,3,0.0309,0.0992,9.8100,-0.0063,-0.0476,0.0100,0.0152,-0.0107,0.0091,0.8699,-0.6153,0.5214
6.9100,3,0.0279,0.0990,9.8100,-0.0072,-0.0480,0.0100,0.0150,-0.0111,0.0092,0.8600,-0.6332,0.5271
6.9200,3,0.0249,0.0987,9.8100,-0.0081,-0.0484,0.0100,0.0148,-0.0114,0.0093,0.8498,-0.6507,0.5329
6.9300,3,0.0218,0.0983,9.8100,-0.0091,-0.0488,0.0100,0.0146,-0.0117,0.0094,0.8392,-0.6676,0.5386
6.9400,3,0.0187,0.0980,9.8100,-0.0100,-0.0491,0.0100,0.0145,-0.0119,0.0095,0.8282,-0.6840,0.5443
6.9500,3,0.0156,0.0976,9.8100,-0.0109,-0.0494,0.0100,0.0143,-0.0122,0.0096,0.8169,-0.6999,0.5500
6.9600,3,0.0125,0.0972,9.8100,-0.0118,-0.0496,0.0100,0.0141,-0.0125,0.0097,0.8053,-0.7152,0.5558
6.9700,3,0.0094,0.0967,9.8100,-0.0127,-0.0498,0.0100,0.0138,-0.0127,0.0098,0.7933,-0.7300,0.5615
6.9800,3,0.0063,0.0962,9.8100,-0.0136,-0.0499,0.0100,0.0136,-0.0130,0.0099,0.7811,-0.7441,0.5672
6.9900,3,0.0031,0.0957,9.8100,-0.0146,-0.0500,0.0100,0.0134,-0.0132,0.0100,0.7684,-0.7577,0.5730
7.0000,3,0.0000,0.0951,9.8100,-0.0155,-0.0500,0.0100,0.0132,-0.0134,0.0101,0.7555,-0.7706,0.5787
7.0100,3,-0.0031,0.0945,9.8100,-0.0163,-0.0500,0.0100,0.0130,-0.0137,0.0102,0.7423,-0.7829,0.5844
7.0200,3,-0.0063,0.0939,9.8100,-0.0172,-0.0499,0.0100,0.0127,-0.0139,0.0103,0.7287,-0.7945,0.5901
7.0300,3,-0.0094,0.0932,9.8100,-0.0181,-0.0498,0.0100,0.0125,-0.0141,0.0104,0.7148,-0.8054,0.5959
7.0400,3,-0.0125,0.0925,9.8100,-0.0190,-0.0496,0.0100,0.0122,-0.0142,0.0105,0.7007,-0.8157,0.6016
7.0500,3,-0.0156,0.0918,9.8100,-0.0199,-0.0494,0.0100,0.0120,-0.0144,0.0106,0.6862,-0.8253,0.6073
7.0600,3,-0.0187,0.0910,9.8100,-0.0207,-0.0491,0.0100,0.0117,-0.0146,0.0107,0.6715,-0.8342,0.6131
7.0700,3,-0.0218,0.0902,9.8100,-0.0216,-0.0488,0.0100,0.0115,-0.0147,0.0108,0.6565,-0.8424,0.6188
7.0800,3,-0.0249,0.0894,9.8100,-0.0224,-0.0484,0.0100,0.0112,-0.0148,0.0109,0.6412,-0.8498,0.6245
7.0900,3,-0.0279,0.0885,9.8100,-0.0233,-0.0480,0.0100,0.0109,-0.0149,0.0110,0.6257,-0.8565,0.6303
7.1000,3,-0.0309,0.0876,9.8100,-0.0241,-0.0476,0.0100,0.0106,-0.0151,0.0111,0.6099,-0.8625,0.6360
7.1100,3,-0.0339,0.0867,9.8100,-0.0249,-0.0470,0.0100,0.0104,-0.0151,0.0112,0.5938,-0.8677,0.6417
7.1200,3,-0.0368,0.0858,9.8100,-0.0257,-0.0465,0.0100,0.0101,-0.0152,0.0113,0.5775,-0.8721,0.6474
7.1300,3,-0.0397,0.0848,9.8100,-0.0265,-0.0459,0.0100,0.0098,-0.0153,0.0114,0.5610,-0.8758,0.6532
7.1400,3,-0.0426,0.0838,9.8100,-0.0273,-0.0452,0.0100,0.0095,-0.0153,0.0115,0.5442,-0.8787,0.6589
7.1500,3,-0.0454,0.0827,9.8100,-0.0281,-0.0446,0.0100,0.0092,-0.0154,0.0116,0.5272,-0.8809,0.6646
7.1600,3,-0.0482,0.0816,9.8100,-0.0289,-0.0438,0.0100,0.0089,-0.0154,0.0117,0.5100,-0.8822,0.6704
7.1700,3,-0.0509,0.0805,9.8100,-0.0296,-0.0430,0.0100,0.0086,-0.0154,0.0118,0.4925,-0.8828,0.6761
7.1800,3,-0.0536,0.0794,9.8100,-0.0304,-0.0422,0.0100,0.0083,-0.0154,0.0119,0.4749,-0.8826,0.6818
7.1900,3,-0.0562,0.0782,9.8100,-0.0311,-0.0414,0.0100,0.0080,-0.0154,0.0120,0.4571,-0.8816,0.6875
7.2000,3,-0.0588,0.0771,9.8100,-0.0319,-0.0405,0.0100,0.0077,-0.0154,0.0121,0.4390,-0.8798,0.6933
7.2100,3,-0.0613,0.0758,9.8100,-0.0326,-0.0395,0.0100,0.0073,-0.0153,0.0122,0.4208,-0.8772,0.6990
7.2200,3,-0.0637,0.0746,9.8100,-0.0333,-0.0385,0.0100,0.0070,-0.0153,0.0123,0.4024,-0.8739,0.7047
7.2300,3,-0.0661,0.0733,9.8100,-0.0340,-0.0375,0.0100,0.0067,-0.0152,0.0124,0.3838,-0.8697,0.7105
7.2400,3,-0.0685,0.0720,9.8100,-0.0347,-0.0364,0.0100,0.0064,-0.0151,0.0125,0.3651,-0.8648,0.7162
7.2500,3,-0.0707,0.0707,9.8100,-0.0354,-0.0354,0.0100,0.0060,-0.0150,0.0126,0.3462,-0.8591,0.7219
7.2600,3,-0.0729,0.0694,9.8100,-0.0360,-0.0342,0.0100,0.0057,-0.0149,0.0127,0.3271,-0.8526,0.7277
7.2700,3,-0.0750,0.0680,9.8100,-0.0367,-0.0331,0.0100,0.0054,-0.0148,0.0128,0.3080,-0.8454,0.7334
7.2800,3,-0.0771,0.0666,9.8100,-0.0373,-0.0319,0.0100,0.0050,-0.0146,0.0129,0.2886,-0.8374,0.7391
7.2900,3,-0.0790,0.0652,9.8100,-0.0379,-0.0306,0.0100,0.0047,-0.0145,0.0130,0.2692,-0.8286,0.7448
7.3000,3,-0.0809,0.0637,9.8100,-0.0385,-0.0294,0.0100,0.0044,-0.0143,0.0131,0.2496,-0.8191,0.7506
7.3100,3,-0.0827,0.0623,9.8100,-0.0391,-0.0281,0.0100,0.0040,-0.0141,0.0132,0.2299,-0.8088,0.7563
7.3200,3,-0.0844,0.0608,9.8100,-0.0397,-0.0268,0.0100,0.0037,-0.0139,0.0133,0.2101,-0.7978,0.7620
7.3300,3,-0.0861,0.0593,9.8100,-0.0403,-0.0255,0.0100,0.0033,-0.0137,0.0134,0.1903,-0.7861,0.7678
7.3400,3,-0.0876,0.0578,9.8100,-0.0408,-0.0241,0.0100,0.0030,-0.0135,0.0135,0.1703,-0.7737,0.7735
7.3500,3,-0.0891,0.0562,9.8100,-0.0414,-0.0227,0.0100,0.0026,-0.0133,0.0136,0.1502,-0.7605,0.7792
7.3600,3,-0.0905,0.0546,9.8100,-0.0419,-0.0213,0.0100,0.0023,-0.0130,0.0137,0.1301,-0.7467,0.7850
7.3700,3,-0.0918,0.0531,9.8100,-0.0424,-0.0199,0.0100,0.0019,-0.0128,0.0138,0.1099,-0.7322,0.7907
7.3800,3,-0.0930,0.0514,9.8100,-0.0429,-0.0184,0.0100,0.0016,-0.0125,0.0139,0.0896,-0.7170,0.7964
7.3900,3,-0.0941,0.0498,9.8100,-0.0434,-0.0169,0.0100,0.0012,-0.0122,0.0140,0.0693,-0.7012,0.8021
7.4000,3,-0.0951,0.0482,9.8100,-0.0438,-0.0155,0.0100,0.0009,-0.0120,0.0141,0.0489,-0.6848,0.8079
7.4100,3,-0.0960,0.0465,9.8100,-0.0443,-0.0139,0.0100,0.0005,-0.0117,0.0142,0.0285,-0.6677,0.8136
7.4200,3,-0.0969,0.0448,9.8100,-0.0447,-0.0124,0.0100,0.0001,-0.0113,0.0143,0.0081,-0.6500,0.8193
7.4300,3,-0.0976,0.0431,9.8100,-0.0451,-0.0109,0.0100,-0.0002,-0.0110,0.0144,-0.0123,-0.6317,0.8251
7.4400,3,-0.0982,0.0414,9.8100,-0.0455,-0.0094,0.0100,-0.0006,-0.0107,0.0145,-0.0328,-0.6129,0.8308
7.4500,3,-0.0988,0.0397,9.8100,-0.0459,-0.0078,0.0100,-0.0009,-0.0104,0.0146,-0.0533,-0.5935,0.8365
7.4600,3,-0.0992,0.0380,9.8100,-0.0463,-0.0063,0.0100,-0.0013,-0.0100,0.0147,-0.0737,-0.5735,0.8422
7.4700,3,-0.0996,0.0362,9.8100,-0.0466,-0.0047,0.0100,-0.0016,-0.0097,0.0148,-0.0942,-0.5531,0.8480
7.4800,3,-0.0998,0.0345,9.8100,-0.0469,-0.0031,0.0100,-0.0020,-0.0093,0.0149,-0.1146,-0.5321,0.8537
7.4900,3,-0.1000,0.0327,9.8100,-0.0473,-0.0016,0.0100,-0.0024,-0.0089,0.0150,-0.1351,-0.5107,0.8594
7.5000,3,-0.1000,0.0309,9.8100,-0.0476,-0.0000,0.0100,-0.0027,-0.0085,0.0151,-0.1555,-0.4888,0.8652
7.5100,3,-0.1000,0.0291,9.8100,-0.0478,0.0016,0.0100,-0.0031,-0.0081,0.0152,-0.1758,-0.4665,0.8709
7.5200,3,-0.0998,0.0273,9.8100,-0.0481,0.0031,0.0100,-0.0034,-0.0077,0.0153,-0.1961,-0.4437,0.8766
7.5300,3,-0.0996,0.0255,9.8100,-0.0484,0.0047,0.0100,-0.0038,-0.0073,0.0154,-0.2164,-0.4206,0.8824
7.5400,3,-0.0992,0.0236,9.8100,-0.0486,0.0063,0.0100,-0.0041,-0.0069,0.0155,-0.2366,-0.3970,0.8881
7.5500,3,-0.0988,0.0218,9.8100,-0.0488,0.0078,0.0100,-0.0045,-0.0065,0.0156,-0.2567,-0.3732,0.8938
7.5600,3,-0.0982,0.0200,9.8100,-0.0490,0.0094,0.0100,-0.0048,-0.0061,0.0157,-0.2767,-0.3490,0.8995
7.5700,3,-0.0976,0.0181,9.8100,-0.0492,0.0109,0.0100,-0.0052,-0.0057,0.0158,-0.2967,-0.3245,0.9053
7.5800,3,-0.0969,0.0163,9.8100,-0.0493,0.0124,0.0100,-0.0055,-0.0052,0.0159,-0.3165,-0.2997,0.9110
7.5900,3,-0.0960,0.0144,9.8100,-0.0495,0.0139,0.0100,-0.0059,-0.0048,0.0160,-0.3363,-0.2746,0.9167
7.6000,3,-0.0951,0.0125,9.8100,-0.0496,0.0155,0.0100,-0.0062,-0.0044,0.0161,-0.3560,-0.2494,0.9225
7.6100,3,-0.0941,0.0107,9.8100,-0.0497,0.0169,0.0100,-0.0066,-0.0039,0.0162,-0.3755,-0.2239,0.9282
7.6200,3,-0.0930,0.0088,9.8100,-0.0498,0.0184,0.0100,-0.0069,-0.0035,0.0163,-0.3950,-0.1982,0.9339
7.6300,3,-0.0918,0.0069,9.8100,-0.0499,0.0199,0.0100,-0.0072,-0.0030,0.0164,-0.4143,-0.1724,0.9396
7.6400,3,-0.0905,0.0050,9.8100,-0.0499,0.0213,0.0100,-0.0076,-0.0026,0.0165,-0.4334,-0.1464,0.9454
7.6500,3,-0.0891,0.0031,9.8100,-0.0500,0.0227,0.0100,-0.0079,-0.0021,0.0166,-0.4524,-0.1203,0.9511
7.6600,3,-0.0876,0.0013,9.8100,-0.0500,0.0241,0.0100,-0.0082,-0.0016,0.0167,-0.4713,-0.0942,0.9568
7.6700,3,-0.0861,-0.0006,9.8100,-0.0500,0.0255,0.0100,-0.0086,-0.0012,0.0168,-0.4900,-0.0679,0.9626
7.6800,3,-0.0844,-0.0025,9.8100,-0.0500,0.0268,0.0100,-0.0089,-0.0007,0.0169,-0.5086,-0.0417,0.9683
7.6900,3,-0.0827,-0.0044,9.8100,-0.0500,0.0281,0.0100,-0.0092,-0.0003,0.0170,-0.5270,-0.0154,0.9740
7.7000,3,-0.0809,-0.0063,9.8100,-0.0499,0.0294,0.0100,-0.0095,0.0002,0.0171,-0.5452,0.0109,0.9798
7.7100,3,-0.0790,-0.0082,9.8100,-0.0498,0.0306,0.0100,-0.0098,0.0006,0.0172,-0.5632,0.0371,0.9855
7.7200,3,-0.0771,-0.0100,9.8100,-0.0497,0.0319,0.0100,-0.0101,0.0011,0.0173,-0.5811,0.0632,0.9912
7.7300,3,-0.0750,-0.0119,9.8100,-0.0496,0.0331,0.0100,-0.0104,0.0016,0.0174,-0.5987,0.0893,0.9969
7.7400,3,-0.0729,-0.0138,9.8100,-0.0495,0.0342,0.0100,-0.0108,0.0020,0.0175,-0.6162,0.1153,1.0027
7.7500,3,-0.0707,-0.0156,9.8100,-0.0494,0.0354,0.0100,-0.0111,0.0025,0.0176,-0.6334,0.1411,1.0084
7.7600,3,-0.0685,-0.0175,9.8100,-0.0492,0.0364,0.0100,-0.0114,0.0029,0.0177,-0.6504,0.1667,1.0141
7.7700,3,-0.0661,-0.0194,9.8100,-0.0491,0.0375,0.0100,-0.0116,0.0034,0.0178,-0.6672,0.1922,1.0199
7.7800,3,-0.0637,-0.0212,9.8100,-0.0489,0.0385,0.0100,-0.0119,0.0038,0.0179,-0.6838,0.2174,1.0256
7.7900,3,-0.0613,-0.0230,9.8100,-0.0487,0.0395,0.0100,-0.0122,0.0042,0.0180,-0.7001,0.2424,1.0313
7.8000,3,-0.0588,-0.0249,9.8100,-0.0484,0.0405,0.0100,-0.0125,0.0047,0.0181,-0.7162,0.2671,1.0371
7.8100,3,-0.0562,-0.0267,9.8100,-0.0482,0.0414,0.0100,-0.0128,0.0051,0.0182,-0.7321,0.2916,1.0428
7.8200,3,-0.0536,-0.0285,9.8100,-0.0479,0.0422,0.0100,-0.0130,0.0055,0.0183,-0.7477,0.3157,1.0485
7.8300,3,-0.0509,-0.0303,9.8100,-0.0476,0.0430,0.0100,-0.0133,0.0059,0.0184,-0.7630,0.3395,1.0542
7.8400,3,-0.0482,-0.0321,9.8100,-0.0474,0.0438,0.0100,-0.0136,0.0063,0.0185,-0.7781,0.3629,1.0600
7.8500,3,-0.0454,-0.0339,9.8100,-0.0470,0.0446,0.0100,-0.0138,0.0067,0.0186,-0.7929,0.3860,1.0657
7.8600,3,-0.0426,-0.0356,9.8100,-0.0467,0.0452,0.0100,-0.0141,0.0071,0.0187,-0.8074,0.4086,1.0714
7.8700,3,-0.0397,-0.0374,9.8100,-0.0464,0.0459,0.0100,-0.0143,0.0075,0.0188,-0.8217,0.4309,1.0772
7.8800,3,-0.0368,-0.0391,9.8100,-0.0460,0.0465,0.0100,-0.0146,0.0079,0.0189,-0.8357,0.4527,1.0829
7.8900,3,-0.0339,-0.0409,9.8100,-0.0456,0.0470,0.0100,-0.0148,0.0083,0.0190,-0.8493,0.4740,1.0886
7.9000,3,-0.0309,-0.0426,9.8100,-0.0452,0.0476,0.0100,-0.0151,0.0086,0.0191,-0.8627,0.4948,1.0943
7.9100,3,-0.0279,-0.0443,9.8100,-0.0448,0.0480,0.0100,-0.0153,0.0090,0.0192,-0.8758,0.5151,1.1001
7.9200,3,-0.0249,-0.0460,9.8100,-0.0444,0.0484,0.0100,-0.0155,0.0093,0.0193,-0.8886,0.5349,1.1058
7.9300,3,-0.0218,-0.0476,9.8100,-0.0440,0.0488,0.0100,-0.0157,0.0097,0.0194,-0.9011,0.5542,1.1115
7.9400,3,-0.0187,-0.0493,9.8100,-0.0435,0.0491,0.0100,-0.0159,0.0100,0.0195,-0.9133,0.5729,1.1173
7.9500,3,-0.0156,-0.0509,9.8100,-0.0430,0.0494,0.0100,-0.0161,0.0103,0.0196,-0.9251,0.5910,1.1230
7.9600,3,-0.0125,-0.0525,9.8100,-0.0425,0.0496,0.0100,-0.0163,0.0106,0.0197,-0.9366,0.6085,1.1287
7.9700,3,-0.0094,-0.0541,9.8100,-0.0420,0.0498,0.0100,-0.0165,0.0109,0.0198,-0.9478,0.6253,1.1345
7.9800,3,-0.0063,-0.0557,9.8100,-0.0415,0.0499,0.0100,-0.0167,0.0112,0.0199,-0.9587,0.6416,1.1402

7.9900,3,-0.0031,-0.0572,9.8100,-0.0410,0.0500,0.0100,-0.0169,0.0115,0.0200,-0.9692,0.6572,1.1459
